-- phpMyAdmin SQL Dump
-- version 5.2.0
-- https://www.phpmyadmin.net/
--
-- Host: localhost:3306
-- Generation Time: Apr 03, 2026 at 01:51 PM
-- Server version: 8.0.30
-- PHP Version: 8.3.20

SET SQL_MODE = "NO_AUTO_VALUE_ON_ZERO";
START TRANSACTION;
SET time_zone = "+00:00";


/*!40101 SET @OLD_CHARACTER_SET_CLIENT=@@CHARACTER_SET_CLIENT */;
/*!40101 SET @OLD_CHARACTER_SET_RESULTS=@@CHARACTER_SET_RESULTS */;
/*!40101 SET @OLD_COLLATION_CONNECTION=@@COLLATION_CONNECTION */;
/*!40101 SET NAMES utf8mb4 */;

--
-- Database: `tst_fitness`
--

-- --------------------------------------------------------

--
-- Table structure for table `admins`
--

CREATE TABLE `admins` (
  `admin_id` int NOT NULL,
  `name` varchar(255) NOT NULL,
  `email` varchar(255) NOT NULL,
  `password` varchar(255) NOT NULL,
  `phone` char(11) NOT NULL,
  `address` varchar(255) DEFAULT NULL,
  `country` varchar(255) DEFAULT NULL,
  `created_at` date NOT NULL DEFAULT (curdate()),
  `is_super_admin` tinyint(1) DEFAULT NULL,
  `role` enum('Super Admin','Admin') DEFAULT NULL
) ENGINE=InnoDB DEFAULT CHARSET=utf8mb4 COLLATE=utf8mb4_0900_ai_ci;

--
-- Dumping data for table `admins`
--

INSERT INTO `admins` (`admin_id`, `name`, `email`, `password`, `phone`, `address`, `country`, `created_at`, `is_super_admin`, `role`) VALUES
(1, 'Sobih Mohamed', 'admin@example.com', '$2y$10$jhLoSJ0nHcWrOBsZYh8g4.Z0hVRlyFEXT6oEXWN05WnXPPtnucOZq', '01012345678', 'Cairo, Egypt', 'Egypt', '2025-07-19', 1, 'Admin'),
(3, 'admin', 'admin@gmail.com', '$2y$10$ab.DJHb9eqzgGGEi.egVmu/T.fmN1BFltpKsH/h6z6nOnwczhGnli', '01012346678', 'Cairo, Egypt', 'Egypt', '2025-07-19', 1, 'Admin'),
(5, 'NAGY', 'Nagy@gmail.com', '$2y$10$vhBQxtSXLFCIB6zD4nbh.u/NTfCRrOxWYRUnRiJOfpvBPVMm1Jc9S', '01225836688', '١٦ سكة درب القزازين باب الوزير في الدرب الاحمر بالقلعه في القاهرة', 'Egypt', '2025-08-03', 1, 'Admin'),
(12, 'Sobih Sobih', 'admin2@gmail.com', '$2y$10$oNgNc2N5jTKI2BNJ8ewuyeNP01iNdGeEafTVcF1XN1Z8kjoHbEvY6', '01225831022', '١٦ سكة درب القزازين باب الوزير في الدرب الاحمر بالقلعه في القاهرة', 'Egypt', '2026-03-14', 1, 'Admin');

-- --------------------------------------------------------

--
-- Table structure for table `blogs`
--

CREATE TABLE `blogs` (
  `blog_id` int NOT NULL,
  `title` varchar(255) NOT NULL,
  `video_link` varchar(255) DEFAULT NULL,
  `main_image` varchar(500) DEFAULT NULL,
  `content` longtext NOT NULL,
  `created_at` timestamp NULL DEFAULT CURRENT_TIMESTAMP,
  `status` enum('published','archived') DEFAULT 'archived',
  `admin_id` int NOT NULL,
  `category_id` int DEFAULT NULL
) ENGINE=InnoDB DEFAULT CHARSET=utf8mb4 COLLATE=utf8mb4_0900_ai_ci;

--
-- Dumping data for table `blogs`
--

INSERT INTO `blogs` (`blog_id`, `title`, `video_link`, `main_image`, `content`, `created_at`, `status`, `admin_id`, `category_id`) VALUES
(27, 'sfgsfg', NULL, '', 'fsdvfsdgvasrgvrsfvsafdgsdfsafsdfsdfasdfsadfgn;slfnglksnf;klg;sjfhgkisfk;ghsk;dvlkjbskjbsdvsad\r\nfvsfdgvsafdvbsafkv;sfjgvohsfhvsfv\r\nsfb;.s\r\nafbsfbksfkb\r\nkasdf\r\nbk\r\nsfb\r\nsfjd\r\nbj;dsfjbjfds\r\nbj\r\ns;fdjb\r\n;ljsf\r\na;bj\r\na;lfdjb\r\n;ljdf\r\n;lbj\r\ndf;sjb\r\n;jfd\r\n;bljdaf;\r\njb;djfb;j;dflsa\r\nb;ljfd\r\nb;afdsb', '2026-01-11 21:58:48', 'published', 3, 28),
(31, 'asgasfg', NULL, NULL, 'sagfsgasfgfasg', '2026-01-11 22:06:30', 'published', 3, 28),
(33, 'djjd', NULL, '', 'fjj\r\n', '2026-01-12 17:20:12', 'published', 3, 28),
(34, 'dfgdfgdfgdfg', NULL, '/uploads/Blogs/1772641834_Gemini_Generated_Image_wipvz4wipvz4wipv.png', 'dfgsdfgsdfgdf', '2026-03-04 16:30:34', 'published', 3, 28);

-- --------------------------------------------------------

--
-- Table structure for table `blogs_category`
--

CREATE TABLE `blogs_category` (
  `category_id` int NOT NULL,
  `title` varchar(255) CHARACTER SET utf8mb4 COLLATE utf8mb4_0900_ai_ci NOT NULL,
  `description` varchar(255) NOT NULL
) ENGINE=InnoDB DEFAULT CHARSET=utf8mb4 COLLATE=utf8mb4_0900_ai_ci;

--
-- Dumping data for table `blogs_category`
--

INSERT INTO `blogs_category` (`category_id`, `title`, `description`) VALUES
(28, 'dddd', 'dvfvds');

-- --------------------------------------------------------

--
-- Table structure for table `categorys`
--

CREATE TABLE `categorys` (
  `category_id` int NOT NULL,
  `name` varchar(255) NOT NULL
) ENGINE=InnoDB DEFAULT CHARSET=utf8mb4 COLLATE=utf8mb4_0900_ai_ci;

--
-- Dumping data for table `categorys`
--

INSERT INTO `categorys` (`category_id`, `name`) VALUES
(8, 'nnnnn'),
(9, 'sdfsdgfsafffffffffffffffffffffffffffffffffffffffff');

-- --------------------------------------------------------

--
-- Table structure for table `chapters`
--

CREATE TABLE `chapters` (
  `chapter_id` int NOT NULL,
  `module_id` int NOT NULL,
  `title` varchar(200) CHARACTER SET utf8mb4 COLLATE utf8mb4_0900_ai_ci NOT NULL,
  `description` text,
  `video_link` varchar(255) DEFAULT NULL,
  `order_number` int DEFAULT '0',
  `created_at` timestamp NULL DEFAULT CURRENT_TIMESTAMP
) ENGINE=InnoDB DEFAULT CHARSET=utf8mb4 COLLATE=utf8mb4_0900_ai_ci;

--
-- Dumping data for table `chapters`
--

INSERT INTO `chapters` (`chapter_id`, `module_id`, `title`, `description`, `video_link`, `order_number`, `created_at`) VALUES
(10, 21, 'dfghj.kjhg', 'dfghjkhgfgdfsdasadfb', 'https://www.youtube.com/#:~:text=Enjoy%20the%20videos%20and%20music%20you', 44, '2026-03-16 14:33:14'),
(11, 23, '.,,,,,,,,,,,,,,,,,,,,,', 'wrestdythfjgkk.hjghftydreawq', 'https://www.youtube.com/#:~:text=Enjoy%20the%20videos%20and%20music%20you', 3, '2026-03-16 14:35:13');

-- --------------------------------------------------------

--
-- Table structure for table `courses`
--

CREATE TABLE `courses` (
  `course_id` int NOT NULL,
  `title` varchar(255) NOT NULL,
  `price` float NOT NULL,
  `image_url` varchar(255) DEFAULT NULL,
  `description` text,
  `created_at` date NOT NULL DEFAULT (curdate())
) ENGINE=InnoDB DEFAULT CHARSET=utf8mb4 COLLATE=utf8mb4_0900_ai_ci;

--
-- Dumping data for table `courses`
--

INSERT INTO `courses` (`course_id`, `title`, `price`, `image_url`, `description`, `created_at`) VALUES
(30, 'dcsdfsdf', 1200, '/uploads/Courses/30/1768746586_Gemini_Generated_Image_y2v9jiy2v9jiy2v9.png', 'sdfasdfsdfasd', '2026-01-18'),
(31, 'wwbcvxzds', 233, '/uploads/Courses/31/1773463940_FlowChart.png', 'cxzxcvbndszfxgchvhjvbnvc', '2026-03-14'),
(32, 'pppppppppppppp', 55, '/uploads/Courses/32/1773671684_logo.jpg', 'erstyuijol;kl\'kjkhjhggfd', '2026-03-16'),
(33, 'yujhgfbv', 44, '/uploads/Courses/33/1773672318_FlowChart.png', ';/l.kj,hgfl;ilk,jmuiliou', '2026-03-16'),
(34, 'kjhgfdsdasa', 11111, '/uploads/Courses/34/1773676810_NoImage.png', ';LKJHGFDSAAFGFHJGH', '2026-03-16'),
(35, ',./MNBVCVFXDSFGDHFJ', 66, '/uploads/Courses/35/1773676821_it\'s me.png', 'OIUYTRRYUTYI', '2026-03-16');

-- --------------------------------------------------------

--
-- Table structure for table `course_applications`
--

CREATE TABLE `course_applications` (
  `request_id` int NOT NULL,
  `course_id` int DEFAULT NULL,
  `user_id` int DEFAULT NULL,
  `gender` enum('male','female') DEFAULT NULL,
  `job` varchar(255) DEFAULT NULL,
  `age` int DEFAULT NULL,
  `created_at` datetime DEFAULT CURRENT_TIMESTAMP,
  `status` enum('pending','cancelled','approved') CHARACTER SET utf8mb4 COLLATE utf8mb4_0900_ai_ci DEFAULT 'pending',
  `promo_code_used` varchar(100) DEFAULT NULL,
  `original_total` decimal(10,2) NOT NULL,
  `discount_value` decimal(10,2) NOT NULL DEFAULT '0.00',
  `net_total` decimal(10,2) NOT NULL
) ENGINE=InnoDB DEFAULT CHARSET=utf8mb4 COLLATE=utf8mb4_0900_ai_ci;

--
-- Dumping data for table `course_applications`
--

INSERT INTO `course_applications` (`request_id`, `course_id`, `user_id`, `gender`, `job`, `age`, `created_at`, `status`, `promo_code_used`, `original_total`, `discount_value`, `net_total`) VALUES
(49, 30, 49, 'male', 'Eng', 22, '2026-01-18 00:00:00', 'approved', NULL, '1200.00', '0.00', '1200.00'),
(50, 31, 54, 'male', 'hgfdsfg', 55, '2026-03-14 00:00:00', 'approved', NULL, '233.00', '0.00', '233.00'),
(51, 30, 54, 'male', 'jhgfgdfds', 55, '2026-03-14 00:00:00', 'approved', NULL, '1200.00', '0.00', '1200.00'),
(52, 32, 54, 'male', 'dfgdghd', 11, '2026-03-16 00:00:00', 'approved', NULL, '55.00', '0.00', '55.00'),
(53, 34, 54, 'male', 'GFHDFGDSFSGDHF', 55, '2026-03-16 00:00:00', 'approved', NULL, '11111.00', '0.00', '11111.00');

-- --------------------------------------------------------

--
-- Table structure for table `modules`
--

CREATE TABLE `modules` (
  `module_id` int NOT NULL,
  `course_id` int NOT NULL,
  `title` varchar(200) NOT NULL,
  `description` text,
  `order_number` int DEFAULT '0',
  `created_at` timestamp NULL DEFAULT CURRENT_TIMESTAMP
) ENGINE=InnoDB DEFAULT CHARSET=utf8mb4 COLLATE=utf8mb4_0900_ai_ci;

--
-- Dumping data for table `modules`
--

INSERT INTO `modules` (`module_id`, `course_id`, `title`, `description`, `order_number`, `created_at`) VALUES
(21, 30, 'ghfjkljk', 'kjhgfdghjk', 4, '2026-03-16 14:32:48'),
(22, 30, 'fghjk,.mkj', 'rtrytfjygkhlkjfty', 2, '2026-03-16 14:32:55'),
(23, 32, 'oooooooooooooooo', 'oiuygtrfdesdfghjkjhygtrfew', 1, '2026-03-16 14:34:55'),
(24, 33, 'hgfdvcsxaz', '][\n\'p;olikujyhtgrfed', 8, '2026-03-16 14:45:43');

-- --------------------------------------------------------

--
-- Table structure for table `notifications`
--

CREATE TABLE `notifications` (
  `notification_id` int NOT NULL,
  `message_title` varchar(255) NOT NULL,
  `content` text NOT NULL,
  `created_at` datetime DEFAULT CURRENT_TIMESTAMP
) ENGINE=InnoDB DEFAULT CHARSET=utf8mb4 COLLATE=utf8mb4_0900_ai_ci;

--
-- Dumping data for table `notifications`
--

INSERT INTO `notifications` (`notification_id`, `message_title`, `content`, `created_at`) VALUES
(26, 'تم استلام طلبك', 'تم استلام طلب التدريب الخاص بك بنجاح، وسيتم مراجعته قريباً.', '2025-08-05 16:51:28'),
(27, 'تمت الموافقة على طلبك', 'تمت الموافقة على طلب التدريب الخاص بك من قبل الإدارة.', '2025-08-05 20:50:27'),
(29, 'تمت الموافقة على طلبك', 'تمت الموافقة على طلب التدريب الخاص بك من قبل الإدارة.', '2025-08-05 20:50:59'),
(30, 'طلب رقم 19 تمت الموافقة عليه', 'الأدمن admin@gmail.com وافق على طلب تدريب للمستخدم ID: 34', '2025-08-05 20:50:59'),
(33, 'تم استلام طلبك', 'تم استلام طلب الأوردر الخاص بك بنجاح، وسيتم مراجعته قريبًا.', '2025-08-06 17:13:50'),
(34, 'تم رفض طلبك', 'تم رفض طلب الأوردر الخاص بك لمنتج: Product 4 updated من قبل الإدارة.', '2025-08-06 17:31:53'),
(35, 'تم رفض طلب رقم 4', 'الأدمن admin@gmail.com رفض طلب المنتج: Product 4 updated (ID: 3) للمستخدم ID: 34.', '2025-08-06 17:31:53'),
(36, 'تم رفض طلبك', 'تم رفض طلب التدريب الخاص بك من قبل الإدارة. لمزيد من التفاصيل تواصل معنا عبر البريد الإلكتروني.', '2025-08-07 15:54:51'),
(37, 'طلب رقم 3 تم رفضه', 'الأدمن admin@gmail.com رفض طلب تدريب للمستخدم ID: 34', '2025-08-07 15:54:51'),
(39, 'تم استلام طلبك', 'تم استلام طلب الأوردر الخاص بك بنجاح، وسيتم مراجعته قريبًا.', '2025-09-11 07:04:02'),
(41, 'تم استلام طلبك', 'تم استلام طلب الأوردر الخاص بك بنجاح، وسيتم مراجعته قريبًا.', '2025-09-11 07:05:58'),
(43, 'تم استلام طلبك', 'تم استلام طلب الأوردر الخاص بك بنجاح، وسيتم مراجعته قريبًا.', '2025-09-11 07:08:45'),
(45, 'تم استلام طلبك', 'تم استلام طلب الاشتراك في الكورس بنجاح، وسيتم مراجعته قريبًا.', '2025-09-11 08:11:58'),
(46, 'طلب اشتراك في كورس جديد', 'قام المستخدم sobihmohamedsobih@gmail.com بطلب الاشتراك في الكورس: Course 12 (ID: 12)', '2025-09-11 08:13:02'),
(47, 'تم استلام طلبك', 'تم استلام طلب الاشتراك في الكورس بنجاح، وسيتم مراجعته قريبًا.', '2025-09-11 08:13:02'),
(48, 'طلب أوردر جديد', 'قام المستخدم nagy@gmail.com بطلب المنتج: Ro (ID: 13)', '2025-09-17 03:02:33'),
(50, 'طلب أوردر جديد', 'قام المستخدم nagy@gmail.com بطلب المنتج: Product 2 updateddddd (ID: 11)', '2025-09-17 14:10:55'),
(53, 'تمت الموافقة على طلب رقم 11', 'الأدمن admin@gmail.com وافق على طلب المنتج: Product 2 updateddddd (ID: 11) للمستخدم ID: 42.', '2025-09-17 14:18:10'),
(55, 'تمت الموافقة على طلب رقم 11', 'الأدمن admin@gmail.com وافق على طلب المنتج: Product 2 updateddddd (ID: 11) للمستخدم ID: 42.', '2025-09-17 14:24:17'),
(57, 'تمت الموافقة على طلب رقم 10', 'الأدمن admin@gmail.com وافق على طلب المنتج: Ro (ID: 13) للمستخدم ID: 42.', '2025-09-19 01:22:12'),
(58, 'تمت الموافقة على طلبك', 'تمت الموافقة على طلب التدريب الخاص بك من قبل الإدارة.', '2025-09-19 01:33:06'),
(59, 'طلب رقم 18 تمت الموافقة عليه', 'الأدمن admin@gmail.com وافق على طلب تدريب للمستخدم ID: 34', '2025-09-19 01:33:06'),
(60, 'تمت الموافقة على طلبك', 'تمت الموافقة على طلب التدريب الخاص بك من قبل الإدارة.', '2025-09-19 01:33:41'),
(61, 'طلب رقم 17 تمت الموافقة عليه', 'الأدمن admin@gmail.com وافق على طلب تدريب للمستخدم ID: 34', '2025-09-19 01:33:41'),
(62, 'تم رفض طلبك', 'تم رفض طلب التدريب الخاص بك من قبل الإدارة. لمزيد من التفاصيل تواصل معنا عبر البريد الإلكتروني.', '2025-09-19 01:33:46'),
(63, 'طلب رقم 16 تم رفضه', 'الأدمن admin@gmail.com رفض طلب تدريب للمستخدم ID: 34', '2025-09-19 01:33:46'),
(64, 'طلب الاشتراك بالكورس Course 12 تم قبوله', 'تمت الموافقة على طلب الاشتراك الخاص بك. نتمنى لك التوفيق!', '2025-09-19 01:34:05'),
(65, 'تمت الموافقة على طلب كورس رقم 2', 'الأدمن admin@gmail.com وافق على طلب كورس للمستخدم ID: 34', '2025-09-19 01:34:05'),
(66, 'طلب الاشتراك بالكورس Course 12 تم رفضه', 'تم رفض طلب الاشتراك الخاص بك. للمزيد من التفاصيل تواصل معنا عبر البريد الإلكتروني.', '2025-09-19 01:34:14'),
(67, 'تم رفض طلب كورس رقم 1', 'الأدمن admin@gmail.com رفض طلب كورس للمستخدم ID: 34', '2025-09-19 01:34:14'),
(69, 'تمت الموافقة على طلب رقم 10', 'الأدمن admin@gmail.com وافق على طلب المنتج: Ro (ID: 13) للمستخدم ID: 42.', '2025-09-19 01:41:30'),
(71, 'تمت الموافقة على طلب رقم 10', 'الأدمن admin@gmail.com وافق على طلب المنتج: Ro (ID: 13) للمستخدم ID: 42.', '2025-09-19 01:41:40'),
(73, 'تمت الموافقة على طلب رقم 10', 'الأدمن admin@gmail.com وافق على طلب المنتج: Ro (ID: 13) للمستخدم ID: 42.', '2025-09-19 01:41:45'),
(75, 'تمت الموافقة على طلب رقم 10', 'الأدمن admin@gmail.com وافق على طلب المنتج: Ro (ID: 13) للمستخدم ID: 42.', '2025-09-19 01:41:47'),
(76, 'تمت الموافقة على طلبك', 'تمت الموافقة على طلبك لمنتج: Product 2 updateddddd (رقم الطلب: 11) من قبل الإدارة.', '2025-09-19 01:41:59'),
(77, 'تمت الموافقة على طلب رقم 9', 'الأدمن admin@gmail.com وافق على طلب المنتج: Product 2 updateddddd (ID: 11) للمستخدم ID: 34.', '2025-09-19 01:41:59'),
(79, 'تمت الموافقة على طلب رقم 10', 'الأدمن admin@gmail.com وافق على طلب المنتج: Ro (ID: 13) للمستخدم ID: 42.', '2025-09-19 01:42:19'),
(81, 'تم رفض طلب رقم 10', 'الأدمن admin@gmail.com رفض طلب المنتج: Ro (ID: 13) للمستخدم ID: 42.', '2025-09-19 01:45:04'),
(82, 'تمت الموافقة على طلبك', 'تمت الموافقة على طلبك لمنتج: Product 2 updateddddd (رقم الطلب: 11) من قبل الإدارة.', '2025-09-19 01:45:14'),
(83, 'تمت الموافقة على طلب رقم 9', 'الأدمن admin@gmail.com وافق على طلب المنتج: Product 2 updateddddd (ID: 11) للمستخدم ID: 34.', '2025-09-19 01:45:14'),
(84, 'طلب أوردر جديد', 'قام المستخدم nagy@gmail.com بطلب المنتج: Product 2 updateddddd (ID: 11)', '2025-09-19 01:54:13'),
(86, 'طلب أوردر جديد', 'قام المستخدم nagy@gmail.com بطلب المنتج: Ro (ID: 13)', '2025-09-19 01:54:13'),
(89, 'تمت الموافقة على طلب رقم 13', 'الأدمن admin@gmail.com وافق على طلب المنتج: Ro (ID: 13) للمستخدم ID: 42.', '2025-09-19 01:54:59'),
(90, 'تم رفض طلبك', 'تم رفض طلب الأوردر الخاص بك لمنتج: Product 2 updateddddd من قبل الإدارة.', '2025-09-22 23:56:39'),
(91, 'تم رفض طلب رقم 9', 'الأدمن admin@gmail.com رفض طلب المنتج: Product 2 updateddddd (ID: 11) للمستخدم ID: 34.', '2025-09-22 23:56:39'),
(93, 'تمت الموافقة على طلب رقم 13', 'الأدمن admin@gmail.com وافق على طلب المنتج: Ro (ID: 13) للمستخدم ID: 42.', '2025-09-22 23:56:49'),
(95, 'تمت الموافقة على طلب رقم 13', 'الأدمن admin@gmail.com وافق على طلب المنتج: Ro (ID: 13) للمستخدم ID: 42.', '2025-09-22 23:58:15'),
(97, 'تمت الموافقة على طلب رقم 13', 'الأدمن admin@gmail.com وافق على طلب المنتج: Ro (ID: 13) للمستخدم ID: 42.', '2025-09-23 00:03:05'),
(99, 'تمت الموافقة على طلب رقم 13', 'الأدمن admin@gmail.com وافق على طلب المنتج: Ro (ID: 13) للمستخدم ID: 42.', '2025-09-23 00:04:30'),
(100, 'تمت الموافقة على طلبك', 'تمت الموافقة على طلبك لمنتج: Ro (رقم الطلب: 13) من قبل الإدارة.', '2025-09-23 00:04:52'),
(101, 'تمت الموافقة على طلب رقم 13', 'الأدمن admin@gmail.com وافق على طلب المنتج: Ro (ID: 13) للمستخدم ID: 42.', '2025-09-23 00:04:52'),
(102, 'تمت الموافقة على طلبك', 'تمت الموافقة على طلبك لمنتج: Ro (رقم الطلب: 13) من قبل الإدارة.', '2025-09-23 00:12:45'),
(103, 'تمت الموافقة على طلب رقم 13', 'الأدمن admin@gmail.com وافق على طلب المنتج: Ro (ID: 13) للمستخدم ID: 42.', '2025-09-23 00:12:45'),
(104, 'تمت الموافقة على طلبك', 'تمت الموافقة على طلبك لمنتج: Ro (رقم الطلب: 13) من قبل الإدارة.', '2025-09-23 00:12:49'),
(105, 'تمت الموافقة على طلب رقم 13', 'الأدمن admin@gmail.com وافق على طلب المنتج: Ro (ID: 13) للمستخدم ID: 42.', '2025-09-23 00:12:49'),
(106, 'تمت الموافقة على طلبك', 'تمت الموافقة على طلبك لمنتج: Ro (رقم الطلب: 13) من قبل الإدارة.', '2025-09-23 00:12:51'),
(107, 'تمت الموافقة على طلب رقم 13', 'الأدمن admin@gmail.com وافق على طلب المنتج: Ro (ID: 13) للمستخدم ID: 42.', '2025-09-23 00:12:51'),
(108, 'تمت الموافقة على طلبك', 'تمت الموافقة على طلبك لمنتج: Ro (رقم الطلب: 13) من قبل الإدارة.', '2025-09-23 00:13:52'),
(109, 'تمت الموافقة على طلب رقم 13', 'الأدمن admin@gmail.com وافق على طلب المنتج: Ro (ID: 13) للمستخدم ID: 42.', '2025-09-23 00:13:52'),
(110, 'تمت الموافقة على طلبك', 'تمت الموافقة على طلبك لمنتج: Ro (رقم الطلب: 13) من قبل الإدارة.', '2025-09-23 00:13:54'),
(111, 'تمت الموافقة على طلب رقم 13', 'الأدمن admin@gmail.com وافق على طلب المنتج: Ro (ID: 13) للمستخدم ID: 42.', '2025-09-23 00:13:54'),
(112, 'تمت الموافقة على طلبك', 'تمت الموافقة على طلبك لمنتج: Ro (رقم الطلب: 13) من قبل الإدارة.', '2025-09-23 00:14:01'),
(113, 'تمت الموافقة على طلب رقم 13', 'الأدمن admin@gmail.com وافق على طلب المنتج: Ro (ID: 13) للمستخدم ID: 42.', '2025-09-23 00:14:01'),
(114, 'تمت الموافقة على طلبك', 'تمت الموافقة على طلبك لمنتج: Product 2 updateddddd (رقم الطلب: 11) من قبل الإدارة.', '2025-09-23 00:14:04'),
(115, 'تمت الموافقة على طلب رقم 12', 'الأدمن admin@gmail.com وافق على طلب المنتج: Product 2 updateddddd (ID: 11) للمستخدم ID: 42.', '2025-09-23 00:14:04'),
(116, 'تمت الموافقة على طلبك', 'تمت الموافقة على طلبك لمنتج: Ro (رقم الطلب: 13) من قبل الإدارة.', '2025-09-23 00:15:46'),
(117, 'تمت الموافقة على طلب رقم 13', 'الأدمن admin@gmail.com وافق على طلب المنتج: Ro (ID: 13) للمستخدم ID: 42.', '2025-09-23 00:15:46'),
(118, 'تمت الموافقة على طلبك', 'تمت الموافقة على طلبك لمنتج: Ro (رقم الطلب: 13) من قبل الإدارة.', '2025-09-23 00:17:28'),
(119, 'تمت الموافقة على طلب رقم 13', 'الأدمن admin@gmail.com وافق على طلب المنتج: Ro (ID: 13) للمستخدم ID: 42.', '2025-09-23 00:17:28'),
(120, 'تمت الموافقة على طلبك', 'تمت الموافقة على طلبك لمنتج: Ro (رقم الطلب: 13) من قبل الإدارة.', '2025-09-23 00:18:10'),
(121, 'تمت الموافقة على طلب رقم 13', 'الأدمن admin@gmail.com وافق على طلب المنتج: Ro (ID: 13) للمستخدم ID: 42.', '2025-09-23 00:18:11'),
(122, 'تم رفض طلبك', 'تم رفض طلب التدريب الخاص بك من قبل الإدارة. لمزيد من التفاصيل تواصل معنا عبر البريد الإلكتروني.', '2025-09-23 00:20:43'),
(123, 'طلب رقم 14 تم رفضه', 'الأدمن admin@gmail.com رفض طلب تدريب للمستخدم ID: 34', '2025-09-23 00:20:43'),
(124, 'طلب تدريب جديد', 'قام المستخدم nagy@gmail.com بتقديم طلب تدريب جديد.', '2025-09-23 20:38:13'),
(125, 'تم استلام طلبك', 'تم استلام طلب التدريب الخاص بك بنجاح، وسيتم مراجعته قريباً.', '2025-09-23 20:38:13'),
(126, 'طلب اشتراك في كورس جديد', 'قام المستخدم nagy@gmail.com بطلب الاشتراك في الكورس: ddd (ID: 16)', '2025-09-27 21:04:26'),
(127, 'تم استلام طلبك', 'تم استلام طلب الاشتراك في الكورس بنجاح، وسيتم مراجعته قريبًا.', '2025-09-27 21:04:26'),
(128, 'طلب اشتراك في كورس جديد', 'قام المستخدم nagy@gmail.com بطلب الاشتراك في الكورس: ddd (ID: 16)', '2025-09-27 21:05:39'),
(129, 'تم استلام طلبك', 'تم استلام طلب الاشتراك في الكورس بنجاح، وسيتم مراجعته قريبًا.', '2025-09-27 21:05:39'),
(130, 'طلب اشتراك في كورس جديد', 'قام المستخدم nagy@gmail.com بطلب الاشتراك في الكورس: ddd (ID: 16)', '2025-09-27 21:09:35'),
(131, 'تم استلام طلبك', 'تم استلام طلب الاشتراك في الكورس بنجاح، وسيتم مراجعته قريبًا.', '2025-09-27 21:09:35'),
(132, 'طلب اشتراك في كورس جديد', 'قام المستخدم nagy@gmail.com بطلب الاشتراك في الكورس: ddd (ID: 16)', '2025-09-27 21:15:45'),
(133, 'تم استلام طلبك', 'تم استلام طلب الاشتراك في الكورس بنجاح، وسيتم مراجعته قريبًا.', '2025-09-27 21:15:45'),
(134, 'طلب اشتراك في كورس جديد', 'قام المستخدم nagy@gmail.com بطلب الاشتراك في الكورس: ddd (ID: 16)', '2025-09-27 21:27:13'),
(135, 'تم استلام طلبك', 'تم استلام طلب الاشتراك في الكورس بنجاح، وسيتم مراجعته قريبًا.', '2025-09-27 21:27:13'),
(136, 'طلب اشتراك في كورس جديد', 'قام المستخدم nagy@gmail.com بطلب الاشتراك في الكورس: ddd (ID: 16)', '2025-09-27 21:29:47'),
(137, 'تم استلام طلبك', 'تم استلام طلب الاشتراك في الكورس بنجاح، وسيتم مراجعته قريبًا.', '2025-09-27 21:29:47'),
(138, 'طلب اشتراك في كورس جديد', 'قام المستخدم nagy@gmail.com بطلب الاشتراك في الكورس: ddd (ID: 16)', '2025-09-27 21:33:12'),
(139, 'تم استلام طلبك', 'تم استلام طلب الاشتراك في الكورس بنجاح، وسيتم مراجعته قريبًا.', '2025-09-27 21:33:12'),
(140, 'طلب اشتراك في كورس جديد', 'قام المستخدم nagy@gmail.com بطلب الاشتراك في الكورس: ddd (ID: 16)', '2025-09-27 21:33:40'),
(141, 'تم استلام طلبك', 'تم استلام طلب الاشتراك في الكورس بنجاح، وسيتم مراجعته قريبًا.', '2025-09-27 21:33:40'),
(142, 'طلب اشتراك في كورس جديد', 'قام المستخدم nagy@gmail.com بطلب الاشتراك في الكورس: Course 12 (ID: 12)', '2025-09-27 21:37:36'),
(143, 'تم استلام طلبك', 'تم استلام طلب الاشتراك في الكورس بنجاح، وسيتم مراجعته قريبًا.', '2025-09-27 21:37:36'),
(144, 'طلب اشتراك في كورس جديد', 'قام المستخدم nagy@gmail.com بطلب الاشتراك في الكورس: C# (ID: 14)', '2025-09-27 21:41:16'),
(145, 'تم استلام طلبك', 'تم استلام طلب الاشتراك في الكورس بنجاح، وسيتم مراجعته قريبًا.', '2025-09-27 21:41:16'),
(146, 'طلب اشتراك في كورس جديد', 'قام المستخدم nagy@gmail.com بطلب الاشتراك في الكورس: C# (ID: 14)', '2025-09-27 21:50:54'),
(147, 'تم استلام طلبك', 'تم استلام طلب الاشتراك في الكورس بنجاح، وسيتم مراجعته قريبًا.', '2025-09-27 21:50:54'),
(148, 'طلب اشتراك في كورس جديد', 'قام المستخدم nagy@gmail.com بطلب الاشتراك في الكورس: C# (ID: 14)', '2025-09-27 21:58:54'),
(149, 'تم استلام طلبك', 'تم استلام طلب الاشتراك في الكورس بنجاح، وسيتم مراجعته قريبًا.', '2025-09-27 21:58:54'),
(150, 'طلب اشتراك في كورس جديد', 'قام المستخدم nagy@gmail.com بطلب الاشتراك في الكورس: C# (ID: 14)', '2025-09-27 22:02:14'),
(151, 'تم استلام طلبك', 'تم استلام طلب الاشتراك في الكورس بنجاح، وسيتم مراجعته قريبًا.', '2025-09-27 22:02:14'),
(152, 'طلب الاشتراك بالكورس C# تم قبوله', 'تمت الموافقة على طلب الاشتراك الخاص بك. نتمنى لك التوفيق!', '2025-09-27 22:05:26'),
(153, 'تمت الموافقة على طلب كورس رقم 15', 'الأدمن admin@gmail.com وافق على طلب كورس للمستخدم ID: 42', '2025-09-27 22:05:26'),
(154, 'طلب الاشتراك بالكورس C# تم قبوله', 'تمت الموافقة على طلب الاشتراك الخاص بك. نتمنى لك التوفيق!', '2025-09-27 22:11:10'),
(155, 'تمت الموافقة على طلب كورس رقم 14', 'الأدمن admin@gmail.com وافق على طلب كورس للمستخدم ID: 42', '2025-09-27 22:11:10'),
(156, 'طلب الاشتراك بالكورس C# تم قبوله', 'تمت الموافقة على طلب الاشتراك الخاص بك. نتمنى لك التوفيق!', '2025-09-27 22:11:11'),
(157, 'تمت الموافقة على طلب كورس رقم 13', 'الأدمن admin@gmail.com وافق على طلب كورس للمستخدم ID: 42', '2025-09-27 22:11:11'),
(158, 'طلب الاشتراك بالكورس C# تم قبوله', 'تمت الموافقة على طلب الاشتراك الخاص بك. نتمنى لك التوفيق!', '2025-09-27 22:11:12'),
(159, 'تمت الموافقة على طلب كورس رقم 12', 'الأدمن admin@gmail.com وافق على طلب كورس للمستخدم ID: 42', '2025-09-27 22:11:12'),
(160, 'طلب الاشتراك بالكورس Course 12 تم قبوله', 'تمت الموافقة على طلب الاشتراك الخاص بك. نتمنى لك التوفيق!', '2025-09-27 22:11:15'),
(161, 'تمت الموافقة على طلب كورس رقم 11', 'الأدمن admin@gmail.com وافق على طلب كورس للمستخدم ID: 42', '2025-09-27 22:11:15'),
(162, 'طلب اشتراك في كورس جديد', 'قام المستخدم nagy@gmail.com بطلب الاشتراك في الكورس: C# (ID: 14)', '2025-09-27 22:15:22'),
(163, 'تم استلام طلبك', 'تم استلام طلب الاشتراك في الكورس بنجاح، وسيتم مراجعته قريبًا.', '2025-09-27 22:15:22'),
(164, 'تمت الموافقة على طلبك', 'تمت الموافقة على طلب التدريب الخاص بك من قبل الإدارة.', '2025-09-27 22:15:28'),
(165, 'طلب رقم 20 تمت الموافقة عليه', 'الأدمن admin@gmail.com وافق على طلب تدريب للمستخدم ID: 42', '2025-09-27 22:15:28'),
(166, 'طلب اشتراك في كورس جديد', 'قام المستخدم nagy@gmail.com بطلب الاشتراك في الكورس: C# (ID: 14)', '2025-09-27 22:38:14'),
(167, 'تم استلام طلبك', 'تم استلام طلب الاشتراك في الكورس بنجاح، وسيتم مراجعته قريبًا.', '2025-09-27 22:38:14'),
(168, 'طلب الاشتراك بالكورس C# تم قبوله', 'تمت الموافقة على طلب الاشتراك الخاص بك. نتمنى لك التوفيق!', '2025-09-27 22:38:30'),
(169, 'تمت الموافقة على طلب كورس رقم 17', 'الأدمن admin@gmail.com وافق على طلب كورس للمستخدم ID: 42', '2025-09-27 22:38:30'),
(170, 'طلب الاشتراك بالكورس C# تم قبوله', 'تمت الموافقة على طلب الاشتراك الخاص بك. نتمنى لك التوفيق!', '2025-09-27 22:39:11'),
(171, 'تمت الموافقة على طلب كورس رقم 16', 'الأدمن admin@gmail.com وافق على طلب كورس للمستخدم ID: 42', '2025-09-27 22:39:11'),
(172, 'طلب اشتراك في كورس جديد', 'قام المستخدم nagy@gmail.com بطلب الاشتراك في الكورس: C# (ID: 14)', '2025-09-27 22:43:22'),
(173, 'تم استلام طلبك', 'تم استلام طلب الاشتراك في الكورس بنجاح، وسيتم مراجعته قريبًا.', '2025-09-27 22:43:22'),
(174, 'طلب الاشتراك بالكورس C# تم قبوله', 'تمت الموافقة على طلب الاشتراك الخاص بك. نتمنى لك التوفيق!', '2025-09-27 22:43:34'),
(175, 'تمت الموافقة على طلب كورس رقم 18', 'الأدمن admin@gmail.com وافق على طلب كورس للمستخدم ID: 42', '2025-09-27 22:43:34'),
(176, 'طلب اشتراك في كورس جديد', 'قام المستخدم nagy@gmail.com بطلب الاشتراك في الكورس: C# (ID: 14)', '2025-09-27 22:55:57'),
(177, 'تم استلام طلبك', 'تم استلام طلب الاشتراك في الكورس بنجاح، وسيتم مراجعته قريبًا.', '2025-09-27 22:55:57'),
(178, 'طلب الاشتراك بالكورس C# تم قبوله', 'تمت الموافقة على طلب الاشتراك الخاص بك. نتمنى لك التوفيق!', '2025-09-27 22:56:05'),
(179, 'تمت الموافقة على طلب كورس رقم 19', 'الأدمن admin@gmail.com وافق على طلب كورس للمستخدم ID: 42', '2025-09-27 22:56:05'),
(180, 'طلب اشتراك في كورس جديد', 'قام المستخدم nagy@gmail.com بطلب الاشتراك في الكورس: C# (ID: 14)', '2025-09-27 22:59:28'),
(181, 'تم استلام طلبك', 'تم استلام طلب الاشتراك في الكورس بنجاح، وسيتم مراجعته قريبًا.', '2025-09-27 22:59:28'),
(182, 'طلب الاشتراك بالكورس C# تم قبوله', 'تمت الموافقة على طلب الاشتراك الخاص بك. نتمنى لك التوفيق!', '2025-09-27 22:59:40'),
(183, 'تمت الموافقة على طلب كورس رقم 20', 'الأدمن admin@gmail.com وافق على طلب كورس للمستخدم ID: 42', '2025-09-27 22:59:40'),
(184, 'طلب اشتراك في كورس جديد', 'قام المستخدم nagy@gmail.com بطلب الاشتراك في الكورس: C# (ID: 14)', '2025-09-27 23:03:34'),
(185, 'تم استلام طلبك', 'تم استلام طلب الاشتراك في الكورس بنجاح، وسيتم مراجعته قريبًا.', '2025-09-27 23:03:34'),
(186, 'طلب الاشتراك بالكورس C# تم قبوله', 'تمت الموافقة على طلب الاشتراك الخاص بك. نتمنى لك التوفيق!', '2025-09-27 23:03:43'),
(187, 'تمت الموافقة على طلب كورس رقم 21', 'الأدمن admin@gmail.com وافق على طلب كورس للمستخدم ID: 42', '2025-09-27 23:03:43'),
(188, 'طلب اشتراك في كورس جديد', 'قام المستخدم nagy@gmail.com بطلب الاشتراك في الكورس: Course 12 (ID: 12)', '2025-09-27 23:19:45'),
(189, 'تم استلام طلبك', 'تم استلام طلب الاشتراك في الكورس بنجاح، وسيتم مراجعته قريبًا.', '2025-09-27 23:19:45'),
(190, 'طلب الاشتراك بالكورس Course 12 تم قبوله', 'تمت الموافقة على طلب الاشتراك الخاص بك. نتمنى لك التوفيق!', '2025-09-27 23:19:54'),
(191, 'تمت الموافقة على طلب كورس رقم 22', 'الأدمن admin@gmail.com وافق على طلب كورس للمستخدم ID: 42', '2025-09-27 23:19:54'),
(192, 'طلب اشتراك في كورس جديد', 'قام المستخدم nagy@gmail.com بطلب الاشتراك في الكورس: ddd (ID: 16)', '2025-09-27 23:27:13'),
(193, 'تم استلام طلبك', 'تم استلام طلب الاشتراك في الكورس بنجاح، وسيتم مراجعته قريبًا.', '2025-09-27 23:27:13'),
(194, 'طلب الاشتراك بالكورس ddd تم قبوله', 'تمت الموافقة على طلب الاشتراك الخاص بك. نتمنى لك التوفيق!', '2025-09-27 23:27:23'),
(195, 'تمت الموافقة على طلب كورس رقم 23', 'الأدمن admin@gmail.com وافق على طلب كورس للمستخدم ID: 42', '2025-09-27 23:27:23'),
(196, 'طلب اشتراك في كورس جديد', 'قام المستخدم nagy@gmail.com بطلب الاشتراك في الكورس: C++ (ID: 16)', '2025-09-29 17:12:40'),
(197, 'تم استلام طلبك', 'تم استلام طلب الاشتراك في الكورس بنجاح، وسيتم مراجعته قريبًا.', '2025-09-29 17:12:40'),
(198, 'طلب الاشتراك بالكورس C++ تم قبوله', 'تمت الموافقة على طلب الاشتراك الخاص بك. نتمنى لك التوفيق!', '2025-09-29 17:13:38'),
(199, 'تمت الموافقة على طلب كورس رقم 27', 'الأدمن admin@gmail.com وافق على طلب كورس للمستخدم ID: 42', '2025-09-29 17:13:38'),
(200, 'طلب اشتراك في كورس جديد', 'قام المستخدم nagy@gmail.com بطلب الاشتراك في الكورس: C++ (ID: 16)', '2025-10-02 15:46:28'),
(201, 'تم استلام طلبك', 'تم استلام طلب الاشتراك في الكورس بنجاح، وسيتم مراجعته قريبًا.', '2025-10-02 15:46:28'),
(202, 'طلب اشتراك في كورس جديد', 'قام المستخدم nagy@gmail.com بطلب الاشتراك في الكورس: C++ (ID: 16)', '2025-10-06 16:53:17'),
(203, 'تم استلام طلبك', 'تم استلام طلب الاشتراك في الكورس بنجاح، وسيتم مراجعته قريبًا.', '2025-10-06 16:53:17'),
(204, 'طلب اشتراك في كورس جديد', 'قام المستخدم nagy@gmail.com بطلب الاشتراك في الكورس: C++ (ID: 16)', '2025-10-06 17:04:06'),
(205, 'تم استلام طلبك', 'تم استلام طلب الاشتراك في الكورس بنجاح، وسيتم مراجعته قريبًا.', '2025-10-06 17:04:06'),
(206, 'طلب اشتراك في كورس جديد', 'قام المستخدم nagy@gmail.com بطلب الاشتراك في الكورس: C++ (ID: 16)', '2025-10-06 17:08:53'),
(207, 'تم استلام طلبك', 'تم استلام طلب الاشتراك في الكورس بنجاح، وسيتم مراجعته قريبًا.', '2025-10-06 17:08:53'),
(208, 'طلب اشتراك في كورس جديد', 'قام المستخدم nagy@gmail.com بطلب الاشتراك في الكورس: C++ (ID: 16)', '2025-10-06 17:10:09'),
(209, 'تم استلام طلبك', 'تم استلام طلب الاشتراك في الكورس بنجاح، وسيتم مراجعته قريبًا.', '2025-10-06 17:10:09'),
(210, 'طلب اشتراك في كورس جديد', 'قام المستخدم nagy@gmail.com بطلب الاشتراك في الكورس: C++ (ID: 16)', '2025-10-06 17:12:27'),
(211, 'تم استلام طلبك', 'تم استلام طلب الاشتراك في الكورس بنجاح، وسيتم مراجعته قريبًا.', '2025-10-06 17:12:27'),
(212, 'طلب اشتراك في كورس جديد', 'قام المستخدم nagy@gmail.com بطلب الاشتراك في الكورس: C++ (ID: 16)', '2025-10-06 17:14:41'),
(213, 'تم استلام طلبك', 'تم استلام طلب الاشتراك في الكورس بنجاح، وسيتم مراجعته قريبًا.', '2025-10-06 17:14:41'),
(214, 'طلب اشتراك في كورس جديد', 'قام المستخدم nagy@gmail.com بطلب الاشتراك في الكورس: C++ (ID: 16)', '2025-10-06 17:21:12'),
(215, 'تم استلام طلبك', 'تم استلام طلب الاشتراك في الكورس بنجاح، وسيتم مراجعته قريبًا.', '2025-10-06 17:21:12'),
(216, 'طلب الاشتراك بالكورس C++ تم قبوله', 'تمت الموافقة على طلب الاشتراك الخاص بك. نتمنى لك التوفيق!', '2025-10-06 17:22:12'),
(217, 'تمت الموافقة على طلب كورس رقم 35', 'الأدمن admin@gmail.com وافق على طلب كورس للمستخدم ID: 42', '2025-10-06 17:22:12'),
(218, 'طلب اشتراك في كورس جديد', 'قام المستخدم nagy@gmail.com بطلب الاشتراك في الكورس: C++ (ID: 16)', '2025-10-06 17:22:31'),
(219, 'تم استلام طلبك', 'تم استلام طلب الاشتراك في الكورس بنجاح، وسيتم مراجعته قريبًا.', '2025-10-06 17:22:31'),
(220, 'طلب الاشتراك بالكورس C++ تم قبوله', 'تمت الموافقة على طلب الاشتراك الخاص بك. نتمنى لك التوفيق!', '2025-10-06 17:27:06'),
(221, 'تمت الموافقة على طلب كورس رقم 36', 'الأدمن admin@gmail.com وافق على طلب كورس للمستخدم ID: 42', '2025-10-06 17:27:06'),
(222, 'طلب اشتراك في كورس جديد', 'قام المستخدم nagy@gmail.com بطلب الاشتراك في الكورس: C++ (ID: 16)', '2025-10-06 17:27:31'),
(223, 'تم استلام طلبك', 'تم استلام طلب الاشتراك في الكورس بنجاح، وسيتم مراجعته قريبًا.', '2025-10-06 17:27:31'),
(224, 'طلب الاشتراك بالكورس C++ تم قبوله', 'تمت الموافقة على طلب الاشتراك الخاص بك. نتمنى لك التوفيق!', '2025-10-06 17:28:07'),
(225, 'تمت الموافقة على طلب كورس رقم 37', 'الأدمن admin@gmail.com وافق على طلب كورس للمستخدم ID: 42', '2025-10-06 17:28:07'),
(226, 'طلب اشتراك في كورس جديد', 'قام المستخدم nagy@gmail.com بطلب الاشتراك في الكورس: C++ (ID: 16)', '2025-10-06 17:28:35'),
(227, 'تم استلام طلبك', 'تم استلام طلب الاشتراك في الكورس بنجاح، وسيتم مراجعته قريبًا.', '2025-10-06 17:28:35'),
(228, 'طلب اشتراك في كورس جديد', 'قام المستخدم nagy@gmail.com بطلب الاشتراك في الكورس: C++ (ID: 16)', '2025-10-06 17:34:10'),
(229, 'تم استلام طلبك', 'تم استلام طلب الاشتراك في الكورس بنجاح، وسيتم مراجعته قريبًا.', '2025-10-06 17:34:10'),
(230, 'طلب اشتراك في كورس جديد', 'قام المستخدم nagy@gmail.com بطلب الاشتراك في الكورس: C++ (ID: 16)', '2025-10-06 17:34:50'),
(231, 'تم استلام طلبك', 'تم استلام طلب الاشتراك في الكورس بنجاح، وسيتم مراجعته قريبًا.', '2025-10-06 17:34:50'),
(232, 'طلب اشتراك في كورس جديد', 'قام المستخدم nagy@gmail.com بطلب الاشتراك في الكورس: rrrr (ID: 18)', '2025-10-06 18:04:50'),
(233, 'تم استلام طلبك', 'تم استلام طلب الاشتراك في الكورس بنجاح، وسيتم مراجعته قريبًا.', '2025-10-06 18:04:50'),
(234, 'طلب اشتراك في كورس جديد', 'قام المستخدم nagy@gmail.com بطلب الاشتراك في الكورس: sddd (ID: 19)', '2025-10-08 10:25:42'),
(235, 'تم استلام طلبك', 'تم استلام طلب الاشتراك في الكورس بنجاح، وسيتم مراجعته قريبًا.', '2025-10-08 10:25:42'),
(236, 'طلب اشتراك في كورس جديد', 'قام المستخدم nagy@gmail.com بطلب الاشتراك في الكورس: Course  (ID: 12)', '2025-10-08 10:33:38'),
(237, 'تم استلام طلبك', 'تم استلام طلب الاشتراك في الكورس بنجاح، وسيتم مراجعته قريبًا.', '2025-10-08 10:33:38'),
(238, 'طلب الاشتراك بالكورس Course  تم قبوله', 'تمت الموافقة على طلب الاشتراك الخاص بك. نتمنى لك التوفيق!', '2025-10-10 20:17:32'),
(239, 'تمت الموافقة على طلب كورس رقم 43', 'الأدمن admin@gmail.com وافق على طلب كورس للمستخدم ID: 42', '2025-10-10 20:17:32'),
(240, 'طلب الاشتراك بالكورس sddd تم قبوله', 'تمت الموافقة على طلب الاشتراك الخاص بك. نتمنى لك التوفيق!', '2025-10-10 20:17:45'),
(241, 'تمت الموافقة على طلب كورس رقم 42', 'الأدمن admin@gmail.com وافق على طلب كورس للمستخدم ID: 42', '2025-10-10 20:17:45'),
(242, 'طلب الاشتراك بالكورس rrrr تم قبوله', 'تمت الموافقة على طلب الاشتراك الخاص بك. نتمنى لك التوفيق!', '2025-10-10 20:17:47'),
(243, 'تمت الموافقة على طلب كورس رقم 41', 'الأدمن admin@gmail.com وافق على طلب كورس للمستخدم ID: 42', '2025-10-10 20:17:47'),
(244, 'طلب الاشتراك بالكورس C++ تم قبوله', 'تمت الموافقة على طلب الاشتراك الخاص بك. نتمنى لك التوفيق!', '2025-10-10 20:17:49'),
(245, 'تمت الموافقة على طلب كورس رقم 40', 'الأدمن admin@gmail.com وافق على طلب كورس للمستخدم ID: 42', '2025-10-10 20:17:49'),
(246, 'طلب الاشتراك بالكورس C++ تم قبوله', 'تمت الموافقة على طلب الاشتراك الخاص بك. نتمنى لك التوفيق!', '2025-10-10 20:17:50'),
(247, 'تمت الموافقة على طلب كورس رقم 39', 'الأدمن admin@gmail.com وافق على طلب كورس للمستخدم ID: 42', '2025-10-10 20:17:50'),
(248, 'طلب الاشتراك بالكورس C++ تم قبوله', 'تمت الموافقة على طلب الاشتراك الخاص بك. نتمنى لك التوفيق!', '2025-10-10 20:17:53'),
(249, 'تمت الموافقة على طلب كورس رقم 38', 'الأدمن admin@gmail.com وافق على طلب كورس للمستخدم ID: 42', '2025-10-10 20:17:53'),
(250, 'طلب اشتراك في كورس جديد', 'قام المستخدم nagy@gmail.com بطلب الاشتراك في الكورس: bbbb (ID: 20)', '2025-10-10 20:19:24'),
(251, 'تم استلام طلبك', 'تم استلام طلب الاشتراك في الكورس بنجاح، وسيتم مراجعته قريبًا.', '2025-10-10 20:19:24'),
(252, 'طلب اشتراك في كورس جديد', 'قام المستخدم nogo@gmail.com بطلب الاشتراك في الكورس: bbbb (ID: 20)', '2025-10-10 20:21:50'),
(253, 'تم استلام طلبك', 'تم استلام طلب الاشتراك في الكورس بنجاح، وسيتم مراجعته قريبًا.', '2025-10-10 20:21:50'),
(254, 'طلب اشتراك في كورس جديد', 'قام المستخدم nogo@gmail.com بطلب الاشتراك في الكورس: sddd (ID: 19)', '2025-10-10 20:26:15'),
(255, 'تم استلام طلبك', 'تم استلام طلب الاشتراك في الكورس بنجاح، وسيتم مراجعته قريبًا.', '2025-10-10 20:26:15'),
(256, 'طلب الاشتراك بالكورس sddd تم قبوله', 'تمت الموافقة على طلب الاشتراك الخاص بك. نتمنى لك التوفيق!', '2025-10-10 20:26:26'),
(257, 'تمت الموافقة على طلب كورس رقم 46', 'الأدمن admin@gmail.com وافق على طلب كورس للمستخدم ID: 44', '2025-10-10 20:26:26'),
(258, 'طلب اشتراك في كورس جديد', 'قام المستخدم nogo@gmail.com بطلب الاشتراك في الكورس: C++ (ID: 16)', '2025-10-10 20:30:41'),
(259, 'تم استلام طلبك', 'تم استلام طلب الاشتراك في الكورس بنجاح، وسيتم مراجعته قريبًا.', '2025-10-10 20:30:41'),
(260, 'طلب الاشتراك بالكورس C++ تم قبوله', 'تمت الموافقة على طلب الاشتراك الخاص بك. نتمنى لك التوفيق!', '2025-10-10 20:30:52'),
(261, 'تمت الموافقة على طلب كورس رقم 47', 'الأدمن admin@gmail.com وافق على طلب كورس للمستخدم ID: 44', '2025-10-10 20:30:52'),
(262, 'طلب أوردر جديد', 'قام المستخدم nogo@gmail.com بطلب المنتج: Ro (ID: 13)', '2025-10-10 21:19:55'),
(263, 'تم استلام طلبك', 'تم استلام طلب الأوردر الخاص بك بنجاح، وسيتم مراجعته قريبًا.', '2025-10-10 21:19:55'),
(264, 'طلب تدريب جديد', 'قام المستخدم nagy@gmail.com بتقديم طلب تدريب جديد.', '2025-11-02 12:19:10'),
(265, 'تم استلام طلبك', 'تم استلام طلب التدريب الخاص بك بنجاح، وسيتم مراجعته قريباً.', '2025-11-02 12:19:10'),
(266, 'تمت الموافقة على طلبك', 'تمت الموافقة على طلب التدريب الخاص بك من قبل الإدارة.', '2025-11-02 12:20:01'),
(267, 'طلب رقم 21 تمت الموافقة عليه', 'الأدمن admin@gmail.com وافق على طلب تدريب للمستخدم ID: 42', '2025-11-02 12:20:01'),
(268, 'طلب اشتراك في كورس جديد', 'قام المستخدم nagynady1976@gmail.com بطلب الاشتراك في الكورس: mmmdkss (ID: 26)', '2026-01-18 14:14:09'),
(271, 'تمت الموافقة على طلب كورس رقم 48', 'الأدمن admin@gmail.com وافق على طلب كورس للمستخدم ID: 49', '2026-01-18 14:14:35'),
(272, 'طلب اشتراك في كورس جديد', 'قام المستخدم nagynady1976@gmail.com بطلب الاشتراك في الكورس: dcsdfsdf (ID: 30)', '2026-01-18 14:32:13'),
(274, 'طلب الاشتراك بالكورس dcsdfsdf تم قبوله', 'تمت الموافقة على طلب الاشتراك الخاص بك. نتمنى لك التوفيق!', '2026-01-18 14:32:22'),
(275, 'تمت الموافقة على طلب كورس رقم 49', 'الأدمن admin@gmail.com وافق على طلب كورس للمستخدم ID: 49', '2026-01-18 14:32:22'),
(276, 'طلب تدريب جديد', 'قام المستخدم nagynady1976@gmail.com بتقديم طلب تدريب جديد.', '2026-01-28 19:12:22'),
(277, 'تم استلام طلبك', 'تم استلام طلب التدريب الخاص بك بنجاح، وسيتم مراجعته قريباً.', '2026-01-28 19:12:22'),
(278, 'تمت الموافقة على طلبك', 'تمت الموافقة على طلب التدريب الخاص بك من قبل الإدارة.', '2026-01-28 19:12:55'),
(279, 'طلب رقم 22 تمت الموافقة عليه', 'الأدمن admin@gmail.com وافق على طلب تدريب للمستخدم ID: 49', '2026-01-28 19:12:55'),
(280, 'طلب تدريب جديد', 'قام المستخدم nagynady1976@gmail.com بتقديم طلب تدريب جديد.', '2026-01-28 19:46:22'),
(281, 'تم استلام طلبك', 'تم استلام طلب التدريب الخاص بك بنجاح، وسيتم مراجعته قريباً.', '2026-01-28 19:46:22'),
(282, 'تم رفض طلبك', 'تم رفض طلب التدريب الخاص بك من قبل الإدارة. لمزيد من التفاصيل تواصل معنا عبر البريد الإلكتروني.', '2026-01-28 19:46:43'),
(283, 'طلب رقم 23 تم رفضه', 'الأدمن admin@gmail.com رفض طلب تدريب للمستخدم ID: 49', '2026-01-28 19:46:43'),
(284, 'طلب تدريب جديد', 'قام المستخدم nagynady1976@gmail.com بتقديم طلب تدريب جديد.', '2026-01-28 19:54:40'),
(285, 'تم استلام طلبك', 'تم استلام طلب التدريب الخاص بك بنجاح، وسيتم مراجعته قريباً.', '2026-01-28 19:54:40'),
(286, 'تمت الموافقة على طلبك', 'تمت الموافقة على طلب التدريب الخاص بك من قبل الإدارة.', '2026-01-28 20:03:33'),
(287, 'طلب رقم 24 تمت الموافقة عليه', 'الأدمن admin@gmail.com وافق على طلب تدريب للمستخدم ID: 49', '2026-01-28 20:03:33'),
(288, 'تم رفض طلبك', 'تم رفض طلب التدريب الخاص بك من قبل الإدارة. لمزيد من التفاصيل تواصل معنا عبر البريد الإلكتروني.', '2026-02-04 15:12:53'),
(289, 'طلب رقم 24 تم رفضه', 'الأدمن admin@gmail.com رفض طلب تدريب للمستخدم ID: 49', '2026-02-04 15:12:53'),
(290, 'تمت الموافقة على طلبك', 'تمت الموافقة على طلب التدريب الخاص بك من قبل الإدارة.', '2026-02-04 15:13:07'),
(291, 'طلب رقم 24 تمت الموافقة عليه', 'الأدمن admin@gmail.com وافق على طلب تدريب للمستخدم ID: 49', '2026-02-04 15:13:07'),
(292, 'طلب تدريب جديد', 'قام المستخدم nagynady1976@gmail.com بتقديم طلب تدريب جديد.', '2026-02-04 15:18:42'),
(293, 'تم استلام طلبك', 'تم استلام طلب التدريب الخاص بك بنجاح، وسيتم مراجعته قريباً.', '2026-02-04 15:18:42'),
(294, 'تمت الموافقة على طلبك', 'تمت الموافقة على طلب التدريب الخاص بك من قبل الإدارة.', '2026-02-04 15:23:38'),
(295, 'طلب رقم 25 تمت الموافقة عليه', 'الأدمن admin@gmail.com وافق على طلب تدريب للمستخدم ID: 49', '2026-02-04 15:23:38'),
(296, 'طلب تدريب جديد', 'قام المستخدم nagynady1976@gmail.com بتقديم طلب تدريب جديد.', '2026-02-04 15:59:57'),
(297, 'تم استلام طلبك', 'تم استلام طلب التدريب الخاص بك بنجاح، وسيتم مراجعته قريباً.', '2026-02-04 15:59:57'),
(298, 'تمت الموافقة على طلبك', 'تمت الموافقة على طلب التدريب الخاص بك من قبل الإدارة.', '2026-02-04 16:00:06'),
(299, 'طلب رقم 26 تمت الموافقة عليه', 'الأدمن admin@gmail.com وافق على طلب تدريب للمستخدم ID: 49', '2026-02-04 16:00:06'),
(300, 'طلب تدريب جديد', 'قام المستخدم sss@gmail.com بتقديم طلب تدريب جديد.', '2026-02-04 16:23:51'),
(301, 'تم استلام طلبك', 'تم استلام طلب التدريب الخاص بك بنجاح، وسيتم مراجعته قريباً.', '2026-02-04 16:23:51'),
(302, 'تمت الموافقة على طلبك', 'تمت الموافقة على طلب التدريب الخاص بك من قبل الإدارة.', '2026-02-04 16:24:32'),
(303, 'طلب رقم 27 تمت الموافقة عليه', 'الأدمن admin@gmail.com وافق على طلب تدريب للمستخدم ID: 51', '2026-02-04 16:24:32'),
(304, 'طلب تدريب جديد', 'قام المستخدم nagy11@gmail.com بتقديم طلب تدريب جديد.', '2026-03-05 23:32:53'),
(305, 'تم استلام طلبك', 'تم استلام طلب التدريب الخاص بك بنجاح، وسيتم مراجعته قريباً.', '2026-03-05 23:32:53'),
(306, 'تم رفض طلبك', 'تم رفض طلب التدريب الخاص بك من قبل الإدارة. لمزيد من التفاصيل تواصل معنا عبر البريد الإلكتروني.', '2026-03-05 23:33:55'),
(307, 'طلب رقم 28 تم رفضه', 'الأدمن admin@gmail.com رفض طلب تدريب للمستخدم ID: 52', '2026-03-05 23:33:55'),
(308, 'طلب تدريب جديد', 'قام المستخدم nagy11@gmail.com بتقديم طلب تدريب جديد.', '2026-03-05 23:34:31'),
(309, 'تم استلام طلبك', 'تم استلام طلب التدريب الخاص بك بنجاح، وسيتم مراجعته قريباً.', '2026-03-05 23:34:31'),
(310, 'تمت الموافقة على طلبك', 'تمت الموافقة على طلب التدريب الخاص بك من قبل الإدارة.', '2026-03-05 23:34:39'),
(311, 'طلب رقم 29 تمت الموافقة عليه', 'الأدمن admin@gmail.com وافق على طلب تدريب للمستخدم ID: 52', '2026-03-05 23:34:39'),
(312, 'طلب تدريب جديد', 'قام المستخدم nagy11@gmail.com بتقديم طلب تدريب جديد.', '2026-03-05 23:37:03'),
(313, 'تم استلام طلبك', 'تم استلام طلب التدريب الخاص بك بنجاح، وسيتم مراجعته قريباً.', '2026-03-05 23:37:03'),
(314, 'تمت الموافقة على طلبك', 'تمت الموافقة على طلب التدريب الخاص بك من قبل الإدارة.', '2026-03-05 23:37:10'),
(315, 'طلب رقم 30 تمت الموافقة عليه', 'الأدمن admin@gmail.com وافق على طلب تدريب للمستخدم ID: 52', '2026-03-05 23:37:10'),
(316, 'طلب تدريب جديد', 'قام المستخدم nagy11@gmail.com بتقديم طلب تدريب جديد.', '2026-03-05 23:38:18'),
(317, 'تم استلام طلبك', 'تم استلام طلب التدريب الخاص بك بنجاح، وسيتم مراجعته قريباً.', '2026-03-05 23:38:19'),
(318, 'تم رفض طلبك', 'تم رفض طلب التدريب الخاص بك من قبل الإدارة. لمزيد من التفاصيل تواصل معنا عبر البريد الإلكتروني.', '2026-03-05 23:38:28'),
(319, 'طلب رقم 31 تم رفضه', 'الأدمن admin@gmail.com رفض طلب تدريب للمستخدم ID: 52', '2026-03-05 23:38:28'),
(320, 'طلب تدريب جديد', 'قام المستخدم nagy11@gmail.com بتقديم طلب تدريب جديد.', '2026-03-05 23:38:47'),
(321, 'تم استلام طلبك', 'تم استلام طلب التدريب الخاص بك بنجاح، وسيتم مراجعته قريباً.', '2026-03-05 23:38:47'),
(322, 'تمت الموافقة على طلبك', 'تمت الموافقة على طلب التدريب الخاص بك من قبل الإدارة.', '2026-03-05 23:38:54'),
(323, 'طلب رقم 32 تمت الموافقة عليه', 'الأدمن admin@gmail.com وافق على طلب تدريب للمستخدم ID: 52', '2026-03-05 23:38:54'),
(324, 'طلب تدريب جديد', 'قام المستخدم sobih@gmail.com بتقديم طلب تدريب جديد.', '2026-03-06 12:37:37'),
(325, 'تم استلام طلبك', 'تم استلام طلب التدريب الخاص بك بنجاح، وسيتم مراجعته قريباً.', '2026-03-06 12:37:38'),
(326, 'طلب تدريب جديد', 'قام المستخدم sobih@gmail.com بتقديم طلب تدريب جديد.', '2026-03-06 12:39:35'),
(327, 'تم استلام طلبك', 'تم استلام طلب التدريب الخاص بك بنجاح، وسيتم مراجعته قريباً.', '2026-03-06 12:39:35'),
(328, 'طلب تدريب جديد', 'قام المستخدم sobih@gmail.com بتقديم طلب تدريب جديد.', '2026-03-06 12:41:10'),
(329, 'تم استلام طلبك', 'تم استلام طلب التدريب الخاص بك بنجاح، وسيتم مراجعته قريباً.', '2026-03-06 12:41:11'),
(330, 'طلب تدريب جديد', 'قام المستخدم sobih@gmail.com بتقديم طلب تدريب جديد.', '2026-03-06 12:42:58'),
(331, 'تم استلام طلبك', 'تم استلام طلب التدريب الخاص بك بنجاح، وسيتم مراجعته قريباً.', '2026-03-06 12:42:58'),
(332, 'طلب تدريب جديد', 'قام المستخدم sobih22@gmail.com بتقديم طلب تدريب جديد.', '2026-03-13 23:46:16'),
(333, 'تم استلام طلبك', 'تم استلام طلب التدريب الخاص بك بنجاح، وسيتم مراجعته قريباً.', '2026-03-13 23:46:17'),
(334, 'تم رفض طلبك', 'تم رفض طلب التدريب الخاص بك من قبل الإدارة. لمزيد من التفاصيل تواصل معنا عبر البريد الإلكتروني.', '2026-03-13 23:48:08'),
(335, 'طلب رقم 37 تم رفضه', 'الأدمن admin@gmail.com رفض طلب تدريب للمستخدم ID: 54', '2026-03-13 23:48:09'),
(336, 'طلب تدريب جديد', 'قام المستخدم sobih22@gmail.com بتقديم طلب تدريب جديد.', '2026-03-13 23:49:27'),
(337, 'تم استلام طلبك', 'تم استلام طلب التدريب الخاص بك بنجاح، وسيتم مراجعته قريباً.', '2026-03-13 23:49:27'),
(338, 'تمت الموافقة على طلبك', 'تمت الموافقة على طلب التدريب الخاص بك من قبل الإدارة.', '2026-03-13 23:50:03'),
(339, 'طلب رقم 38 تمت الموافقة عليه', 'الأدمن admin@gmail.com وافق على طلب تدريب للمستخدم ID: 54', '2026-03-13 23:50:03'),
(340, 'طلب أوردر جديد', 'قام المستخدم sobih22@gmail.com بطلب المنتج: sdvfsdgf (ID: 17)', '2026-03-14 00:37:52'),
(341, 'تم استلام طلبك', 'تم استلام طلب الأوردر الخاص بك بنجاح، وسيتم مراجعته قريبًا.', '2026-03-14 00:37:52'),
(342, 'طلب تدريب جديد', 'قام المستخدم user5@gmail.com بتقديم طلب تدريب جديد.', '2026-03-14 01:58:24'),
(343, 'تم استلام طلبك', 'تم استلام طلب التدريب الخاص بك بنجاح، وسيتم مراجعته قريباً.', '2026-03-14 01:58:25'),
(344, 'تمت الموافقة على طلبك', 'تمت الموافقة على طلب التدريب الخاص بك من قبل الإدارة.', '2026-03-14 01:59:16'),
(345, 'طلب رقم 39 تمت الموافقة عليه', 'الأدمن admin@gmail.com وافق على طلب تدريب للمستخدم ID: 56', '2026-03-14 01:59:16'),
(346, 'طلب تدريب جديد', 'قام المستخدم sobih22@gmail.com بتقديم طلب تدريب جديد.', '2026-03-14 04:46:27'),
(347, 'تم استلام طلبك', 'تم استلام طلب التدريب الخاص بك بنجاح، وسيتم مراجعته قريباً.', '2026-03-14 04:46:27'),
(348, 'تمت الموافقة على طلبك', 'تمت الموافقة على طلب التدريب الخاص بك من قبل الإدارة.', '2026-03-14 04:46:43'),
(349, 'طلب رقم 40 تمت الموافقة عليه', 'الأدمن admin@gmail.com وافق على طلب تدريب للمستخدم ID: 54', '2026-03-14 04:46:43'),
(350, 'طلب تدريب جديد', 'قام المستخدم sobih22@gmail.com بتقديم طلب تدريب جديد.', '2026-03-14 04:47:33'),
(351, 'تم استلام طلبك', 'تم استلام طلب التدريب الخاص بك بنجاح، وسيتم مراجعته قريباً.', '2026-03-14 04:47:34'),
(352, 'تمت الموافقة على طلبك', 'تمت الموافقة على طلب التدريب الخاص بك من قبل الإدارة.', '2026-03-14 04:48:00'),
(353, 'طلب رقم 41 تمت الموافقة عليه', 'الأدمن admin@gmail.com وافق على طلب تدريب للمستخدم ID: 54', '2026-03-14 04:48:00'),
(354, 'طلب اشتراك في كورس جديد', 'قام المستخدم sobih22@gmail.com بطلب الاشتراك في الكورس: wwbcvxzds (ID: 31)', '2026-03-14 04:52:47'),
(355, 'تم استلام طلبك', 'تم استلام طلب الاشتراك في الكورس بنجاح، وسيتم مراجعته قريبًا.', '2026-03-14 04:52:47'),
(356, 'طلب الاشتراك بالكورس wwbcvxzds تم قبوله', 'تمت الموافقة على طلب الاشتراك الخاص بك. نتمنى لك التوفيق!', '2026-03-14 04:53:13'),
(357, 'تمت الموافقة على طلب كورس رقم 50', 'الأدمن admin@gmail.com وافق على طلب كورس للمستخدم ID: 54', '2026-03-14 04:53:13'),
(358, 'طلب تدريب جديد', 'قام المستخدم sobih22@gmail.com بتقديم طلب تدريب جديد.', '2026-03-14 05:01:53'),
(359, 'تم استلام طلبك', 'تم استلام طلب التدريب الخاص بك بنجاح، وسيتم مراجعته قريباً.', '2026-03-14 05:01:53'),
(360, 'تمت الموافقة على طلبك', 'تمت الموافقة على طلب التدريب الخاص بك من قبل الإدارة.', '2026-03-14 05:02:15'),
(361, 'طلب رقم 42 تمت الموافقة عليه', 'الأدمن admin@gmail.com وافق على طلب تدريب للمستخدم ID: 54', '2026-03-14 05:02:15'),
(362, 'طلب تدريب جديد', 'قام المستخدم sobih22@gmail.com بتقديم طلب تدريب جديد.', '2026-03-14 05:26:05'),
(363, 'تم استلام طلبك', 'تم استلام طلب التدريب الخاص بك بنجاح، وسيتم مراجعته قريباً.', '2026-03-14 05:26:06'),
(364, 'تمت الموافقة على طلبك', 'تمت الموافقة على طلب التدريب الخاص بك من قبل الإدارة.', '2026-03-14 05:26:16'),
(365, 'طلب رقم 43 تمت الموافقة عليه', 'الأدمن admin@gmail.com وافق على طلب تدريب للمستخدم ID: 54', '2026-03-14 05:26:16'),
(366, 'طلب تدريب جديد', 'قام المستخدم sobih22@gmail.com بتقديم طلب تدريب جديد.', '2026-03-14 05:31:46'),
(367, 'تم استلام طلبك', 'تم استلام طلب التدريب الخاص بك بنجاح، وسيتم مراجعته قريباً.', '2026-03-14 05:31:46'),
(368, 'تم رفض طلبك', 'تم رفض طلب التدريب الخاص بك من قبل الإدارة. لمزيد من التفاصيل تواصل معنا عبر البريد الإلكتروني.', '2026-03-14 05:32:02'),
(369, 'طلب رقم 44 تم رفضه', 'الأدمن admin@gmail.com رفض طلب تدريب للمستخدم ID: 54', '2026-03-14 05:32:02'),
(370, 'طلب اشتراك في كورس جديد', 'قام المستخدم sobih22@gmail.com بطلب الاشتراك في الكورس: dcsdfsdf (ID: 30)', '2026-03-14 05:40:00'),
(371, 'تم استلام طلبك', 'تم استلام طلب الاشتراك في الكورس بنجاح، وسيتم مراجعته قريبًا.', '2026-03-14 05:40:00'),
(372, 'طلب الاشتراك بالكورس dcsdfsdf تم قبوله', 'تمت الموافقة على طلب الاشتراك الخاص بك. نتمنى لك التوفيق!', '2026-03-14 05:40:34'),
(373, 'تمت الموافقة على طلب كورس رقم 51', 'الأدمن admin@gmail.com وافق على طلب كورس للمستخدم ID: 54', '2026-03-14 05:40:34'),
(374, 'طلب اشتراك في كورس جديد', 'قام المستخدم sobih22@gmail.com بطلب الاشتراك في الكورس: pppppppppppppp (ID: 32)', '2026-03-16 14:36:26'),
(375, 'تم استلام طلبك', 'تم استلام طلب الاشتراك في الكورس بنجاح، وسيتم مراجعته قريبًا.', '2026-03-16 14:36:26'),
(376, 'طلب الاشتراك بالكورس pppppppppppppp تم قبوله', 'تمت الموافقة على طلب الاشتراك الخاص بك. نتمنى لك التوفيق!', '2026-03-16 14:36:38'),
(377, 'تمت الموافقة على طلب كورس رقم 52', 'الأدمن admin@gmail.com وافق على طلب كورس للمستخدم ID: 54', '2026-03-16 14:36:38'),
(378, 'طلب تدريب جديد', 'قام المستخدم sobih22@gmail.com بتقديم طلب تدريب جديد.', '2026-03-16 15:15:16'),
(379, 'تم استلام طلبك', 'تم استلام طلب التدريب الخاص بك بنجاح، وسيتم مراجعته قريباً.', '2026-03-16 15:15:17'),
(380, 'تمت الموافقة على طلبك', 'تمت الموافقة على طلب التدريب الخاص بك من قبل الإدارة.', '2026-03-16 15:15:35'),
(381, 'طلب رقم 45 تمت الموافقة عليه', 'الأدمن admin@gmail.com وافق على طلب تدريب للمستخدم ID: 54', '2026-03-16 15:15:35'),
(382, 'طلب تدريب جديد', 'قام المستخدم sobih22@gmail.com بتقديم طلب تدريب جديد.', '2026-03-16 15:58:57'),
(383, 'تم استلام طلبك', 'تم استلام طلب التدريب الخاص بك بنجاح، وسيتم مراجعته قريباً.', '2026-03-16 15:58:58'),
(384, 'تمت الموافقة على طلبك', 'تمت الموافقة على طلب التدريب الخاص بك من قبل الإدارة.', '2026-03-16 15:59:17'),
(385, 'طلب رقم 46 تمت الموافقة عليه', 'الأدمن admin@gmail.com وافق على طلب تدريب للمستخدم ID: 54', '2026-03-16 15:59:17'),
(386, 'طلب اشتراك في كورس جديد', 'قام المستخدم sobih22@gmail.com بطلب الاشتراك في الكورس: kjhgfdsdasa (ID: 34)', '2026-03-16 16:00:37'),
(387, 'تم استلام طلبك', 'تم استلام طلب الاشتراك في الكورس بنجاح، وسيتم مراجعته قريبًا.', '2026-03-16 16:00:37'),
(388, 'طلب الاشتراك بالكورس kjhgfdsdasa تم قبوله', 'تمت الموافقة على طلب الاشتراك الخاص بك. نتمنى لك التوفيق!', '2026-03-16 16:00:52'),
(389, 'تمت الموافقة على طلب كورس رقم 53', 'الأدمن admin@gmail.com وافق على طلب كورس للمستخدم ID: 54', '2026-03-16 16:00:52');

-- --------------------------------------------------------

--
-- Table structure for table `notification_recipients`
--

CREATE TABLE `notification_recipients` (
  `id` int NOT NULL,
  `notification_id` int NOT NULL,
  `user_id` int DEFAULT NULL,
  `admin_id` int DEFAULT NULL,
  `is_read` tinyint(1) DEFAULT '0',
  `delivered_at` datetime DEFAULT CURRENT_TIMESTAMP
) ENGINE=InnoDB DEFAULT CHARSET=utf8mb4 COLLATE=utf8mb4_0900_ai_ci;

--
-- Dumping data for table `notification_recipients`
--

INSERT INTO `notification_recipients` (`id`, `notification_id`, `user_id`, `admin_id`, `is_read`, `delivered_at`) VALUES
(4, 26, 34, NULL, 1, '2025-08-05 16:51:28'),
(5, 27, 34, NULL, 0, '2025-08-05 20:50:27'),
(9, 29, 34, NULL, 0, '2025-08-05 20:50:59'),
(10, 30, NULL, 1, 0, '2025-08-05 20:50:59'),
(11, 30, NULL, 5, 0, '2025-08-05 20:50:59'),
(18, 33, 34, NULL, 0, '2025-08-06 17:13:50'),
(19, 34, 34, NULL, 0, '2025-08-06 17:31:53'),
(20, 35, NULL, 1, 0, '2025-08-06 17:31:53'),
(21, 35, NULL, 5, 0, '2025-08-06 17:31:53'),
(22, 36, 34, NULL, 0, '2025-08-07 15:54:51'),
(23, 37, NULL, 1, 0, '2025-08-07 15:54:51'),
(24, 37, NULL, 5, 0, '2025-08-07 15:54:51'),
(28, 39, 34, NULL, 0, '2025-09-11 07:04:03'),
(32, 41, 34, NULL, 0, '2025-09-11 07:05:58'),
(36, 43, 34, NULL, 0, '2025-09-11 07:08:45'),
(40, 45, 34, NULL, 0, '2025-09-11 08:11:58'),
(41, 46, NULL, 1, 0, '2025-09-11 08:13:02'),
(42, 46, NULL, 3, 0, '2025-09-11 08:13:02'),
(43, 46, NULL, 5, 0, '2025-09-11 08:13:02'),
(44, 47, 34, NULL, 0, '2025-09-11 08:13:02'),
(45, 48, NULL, 1, 0, '2025-09-17 03:02:33'),
(46, 48, NULL, 3, 0, '2025-09-17 03:02:33'),
(47, 48, NULL, 5, 0, '2025-09-17 03:02:33'),
(49, 50, NULL, 1, 0, '2025-09-17 14:10:55'),
(50, 50, NULL, 3, 0, '2025-09-17 14:10:55'),
(51, 50, NULL, 5, 0, '2025-09-17 14:10:55'),
(54, 53, NULL, 1, 0, '2025-09-17 14:18:10'),
(55, 53, NULL, 5, 0, '2025-09-17 14:18:10'),
(57, 55, NULL, 1, 0, '2025-09-17 14:24:17'),
(58, 55, NULL, 5, 0, '2025-09-17 14:24:17'),
(60, 57, NULL, 1, 0, '2025-09-19 01:22:12'),
(61, 57, NULL, 5, 0, '2025-09-19 01:22:12'),
(62, 58, 34, NULL, 0, '2025-09-19 01:33:06'),
(63, 59, NULL, 1, 0, '2025-09-19 01:33:06'),
(64, 59, NULL, 5, 0, '2025-09-19 01:33:06'),
(65, 60, 34, NULL, 0, '2025-09-19 01:33:41'),
(66, 61, NULL, 1, 0, '2025-09-19 01:33:41'),
(67, 61, NULL, 5, 0, '2025-09-19 01:33:41'),
(68, 62, 34, NULL, 0, '2025-09-19 01:33:46'),
(69, 63, NULL, 1, 0, '2025-09-19 01:33:46'),
(70, 63, NULL, 5, 0, '2025-09-19 01:33:46'),
(71, 64, 34, NULL, 0, '2025-09-19 01:34:05'),
(72, 65, NULL, 1, 0, '2025-09-19 01:34:05'),
(73, 65, NULL, 5, 0, '2025-09-19 01:34:05'),
(74, 66, 34, NULL, 0, '2025-09-19 01:34:14'),
(75, 67, NULL, 1, 0, '2025-09-19 01:34:14'),
(76, 67, NULL, 5, 0, '2025-09-19 01:34:14'),
(78, 69, NULL, 1, 0, '2025-09-19 01:41:30'),
(79, 69, NULL, 5, 0, '2025-09-19 01:41:30'),
(81, 71, NULL, 1, 0, '2025-09-19 01:41:40'),
(82, 71, NULL, 5, 0, '2025-09-19 01:41:40'),
(84, 73, NULL, 1, 0, '2025-09-19 01:41:45'),
(85, 73, NULL, 5, 0, '2025-09-19 01:41:45'),
(87, 75, NULL, 1, 0, '2025-09-19 01:41:47'),
(88, 75, NULL, 5, 0, '2025-09-19 01:41:47'),
(89, 76, 34, NULL, 0, '2025-09-19 01:41:59'),
(90, 77, NULL, 1, 0, '2025-09-19 01:41:59'),
(91, 77, NULL, 5, 0, '2025-09-19 01:41:59'),
(93, 79, NULL, 1, 0, '2025-09-19 01:42:19'),
(94, 79, NULL, 5, 0, '2025-09-19 01:42:19'),
(96, 81, NULL, 1, 0, '2025-09-19 01:45:04'),
(97, 81, NULL, 5, 0, '2025-09-19 01:45:04'),
(98, 82, 34, NULL, 0, '2025-09-19 01:45:14'),
(99, 83, NULL, 1, 0, '2025-09-19 01:45:14'),
(100, 83, NULL, 5, 0, '2025-09-19 01:45:14'),
(101, 84, NULL, 1, 0, '2025-09-19 01:54:13'),
(102, 84, NULL, 3, 0, '2025-09-19 01:54:13'),
(103, 84, NULL, 5, 0, '2025-09-19 01:54:13'),
(105, 86, NULL, 1, 0, '2025-09-19 01:54:13'),
(106, 86, NULL, 3, 0, '2025-09-19 01:54:13'),
(107, 86, NULL, 5, 0, '2025-09-19 01:54:13'),
(110, 89, NULL, 1, 0, '2025-09-19 01:54:59'),
(111, 89, NULL, 5, 0, '2025-09-19 01:54:59'),
(112, 90, 34, NULL, 0, '2025-09-22 23:56:39'),
(113, 91, NULL, 1, 0, '2025-09-22 23:56:39'),
(114, 91, NULL, 5, 0, '2025-09-22 23:56:39'),
(116, 93, NULL, 1, 0, '2025-09-22 23:56:49'),
(117, 93, NULL, 5, 0, '2025-09-22 23:56:49'),
(119, 95, NULL, 1, 0, '2025-09-22 23:58:15'),
(120, 95, NULL, 5, 0, '2025-09-22 23:58:15'),
(122, 97, NULL, 1, 0, '2025-09-23 00:03:05'),
(123, 97, NULL, 5, 0, '2025-09-23 00:03:05'),
(125, 99, NULL, 1, 0, '2025-09-23 00:04:30'),
(126, 99, NULL, 5, 0, '2025-09-23 00:04:30'),
(127, 100, 42, NULL, 0, '2025-09-23 00:04:52'),
(128, 101, NULL, 1, 0, '2025-09-23 00:04:52'),
(129, 101, NULL, 5, 0, '2025-09-23 00:04:52'),
(130, 102, 42, NULL, 0, '2025-09-23 00:12:45'),
(131, 103, NULL, 1, 0, '2025-09-23 00:12:45'),
(132, 103, NULL, 5, 0, '2025-09-23 00:12:45'),
(133, 104, 42, NULL, 0, '2025-09-23 00:12:49'),
(134, 105, NULL, 1, 0, '2025-09-23 00:12:49'),
(135, 105, NULL, 5, 0, '2025-09-23 00:12:49'),
(136, 106, 42, NULL, 0, '2025-09-23 00:12:51'),
(137, 107, NULL, 1, 0, '2025-09-23 00:12:51'),
(138, 107, NULL, 5, 0, '2025-09-23 00:12:51'),
(139, 108, 42, NULL, 0, '2025-09-23 00:13:52'),
(140, 109, NULL, 1, 0, '2025-09-23 00:13:52'),
(141, 109, NULL, 5, 0, '2025-09-23 00:13:52'),
(142, 110, 42, NULL, 0, '2025-09-23 00:13:54'),
(143, 111, NULL, 1, 0, '2025-09-23 00:13:54'),
(144, 111, NULL, 5, 0, '2025-09-23 00:13:54'),
(145, 112, 42, NULL, 0, '2025-09-23 00:14:01'),
(146, 113, NULL, 1, 0, '2025-09-23 00:14:01'),
(147, 113, NULL, 5, 0, '2025-09-23 00:14:01'),
(148, 114, 42, NULL, 0, '2025-09-23 00:14:04'),
(149, 115, NULL, 1, 0, '2025-09-23 00:14:04'),
(150, 115, NULL, 5, 0, '2025-09-23 00:14:04'),
(151, 116, 42, NULL, 0, '2025-09-23 00:15:46'),
(152, 117, NULL, 1, 0, '2025-09-23 00:15:46'),
(153, 117, NULL, 5, 0, '2025-09-23 00:15:46'),
(154, 118, 42, NULL, 0, '2025-09-23 00:17:28'),
(155, 119, NULL, 1, 0, '2025-09-23 00:17:28'),
(156, 119, NULL, 5, 0, '2025-09-23 00:17:28'),
(157, 120, 42, NULL, 0, '2025-09-23 00:18:10'),
(158, 121, NULL, 1, 0, '2025-09-23 00:18:11'),
(159, 121, NULL, 5, 0, '2025-09-23 00:18:11'),
(160, 122, 34, NULL, 0, '2025-09-23 00:20:43'),
(161, 123, NULL, 1, 0, '2025-09-23 00:20:43'),
(162, 123, NULL, 5, 0, '2025-09-23 00:20:43'),
(163, 124, NULL, 1, 0, '2025-09-23 20:38:13'),
(164, 124, NULL, 3, 0, '2025-09-23 20:38:13'),
(165, 124, NULL, 5, 0, '2025-09-23 20:38:13'),
(166, 125, 42, NULL, 0, '2025-09-23 20:38:13'),
(167, 126, NULL, 1, 0, '2025-09-27 21:04:26'),
(168, 126, NULL, 3, 0, '2025-09-27 21:04:26'),
(169, 126, NULL, 5, 0, '2025-09-27 21:04:26'),
(170, 127, 42, NULL, 0, '2025-09-27 21:04:26'),
(171, 128, NULL, 1, 0, '2025-09-27 21:05:39'),
(172, 128, NULL, 3, 0, '2025-09-27 21:05:39'),
(173, 128, NULL, 5, 0, '2025-09-27 21:05:39'),
(174, 129, 42, NULL, 0, '2025-09-27 21:05:39'),
(175, 130, NULL, 1, 0, '2025-09-27 21:09:35'),
(176, 130, NULL, 3, 0, '2025-09-27 21:09:35'),
(177, 130, NULL, 5, 0, '2025-09-27 21:09:35'),
(178, 131, 42, NULL, 0, '2025-09-27 21:09:35'),
(179, 132, NULL, 1, 0, '2025-09-27 21:15:45'),
(180, 132, NULL, 3, 0, '2025-09-27 21:15:45'),
(181, 132, NULL, 5, 0, '2025-09-27 21:15:45'),
(182, 133, 42, NULL, 0, '2025-09-27 21:15:45'),
(183, 134, NULL, 1, 0, '2025-09-27 21:27:13'),
(184, 134, NULL, 3, 0, '2025-09-27 21:27:13'),
(185, 134, NULL, 5, 0, '2025-09-27 21:27:13'),
(186, 135, 42, NULL, 0, '2025-09-27 21:27:13'),
(187, 136, NULL, 1, 0, '2025-09-27 21:29:47'),
(188, 136, NULL, 3, 0, '2025-09-27 21:29:47'),
(189, 136, NULL, 5, 0, '2025-09-27 21:29:47'),
(190, 137, 42, NULL, 0, '2025-09-27 21:29:47'),
(191, 138, NULL, 1, 0, '2025-09-27 21:33:12'),
(192, 138, NULL, 3, 0, '2025-09-27 21:33:12'),
(193, 138, NULL, 5, 0, '2025-09-27 21:33:12'),
(194, 139, 42, NULL, 0, '2025-09-27 21:33:12'),
(195, 140, NULL, 1, 0, '2025-09-27 21:33:40'),
(196, 140, NULL, 3, 0, '2025-09-27 21:33:40'),
(197, 140, NULL, 5, 0, '2025-09-27 21:33:40'),
(198, 141, 42, NULL, 0, '2025-09-27 21:33:40'),
(199, 142, NULL, 1, 0, '2025-09-27 21:37:36'),
(200, 142, NULL, 3, 0, '2025-09-27 21:37:36'),
(201, 142, NULL, 5, 0, '2025-09-27 21:37:36'),
(202, 143, 42, NULL, 0, '2025-09-27 21:37:36'),
(203, 144, NULL, 1, 0, '2025-09-27 21:41:16'),
(204, 144, NULL, 3, 0, '2025-09-27 21:41:16'),
(205, 144, NULL, 5, 0, '2025-09-27 21:41:16'),
(206, 145, 42, NULL, 0, '2025-09-27 21:41:16'),
(207, 146, NULL, 1, 0, '2025-09-27 21:50:54'),
(208, 146, NULL, 3, 0, '2025-09-27 21:50:54'),
(209, 146, NULL, 5, 0, '2025-09-27 21:50:54'),
(210, 147, 42, NULL, 0, '2025-09-27 21:50:54'),
(211, 148, NULL, 1, 0, '2025-09-27 21:58:54'),
(212, 148, NULL, 3, 0, '2025-09-27 21:58:54'),
(213, 148, NULL, 5, 0, '2025-09-27 21:58:54'),
(214, 149, 42, NULL, 0, '2025-09-27 21:58:54'),
(215, 150, NULL, 1, 0, '2025-09-27 22:02:14'),
(216, 150, NULL, 3, 0, '2025-09-27 22:02:14'),
(217, 150, NULL, 5, 0, '2025-09-27 22:02:14'),
(218, 151, 42, NULL, 0, '2025-09-27 22:02:14'),
(219, 152, 42, NULL, 0, '2025-09-27 22:05:26'),
(220, 153, NULL, 1, 0, '2025-09-27 22:05:26'),
(221, 153, NULL, 5, 0, '2025-09-27 22:05:26'),
(222, 154, 42, NULL, 0, '2025-09-27 22:11:10'),
(223, 155, NULL, 1, 0, '2025-09-27 22:11:10'),
(224, 155, NULL, 5, 0, '2025-09-27 22:11:10'),
(225, 156, 42, NULL, 0, '2025-09-27 22:11:11'),
(226, 157, NULL, 1, 0, '2025-09-27 22:11:11'),
(227, 157, NULL, 5, 0, '2025-09-27 22:11:11'),
(228, 158, 42, NULL, 0, '2025-09-27 22:11:12'),
(229, 159, NULL, 1, 0, '2025-09-27 22:11:12'),
(230, 159, NULL, 5, 0, '2025-09-27 22:11:12'),
(231, 160, 42, NULL, 0, '2025-09-27 22:11:15'),
(232, 161, NULL, 1, 0, '2025-09-27 22:11:15'),
(233, 161, NULL, 5, 0, '2025-09-27 22:11:15'),
(234, 162, NULL, 1, 0, '2025-09-27 22:15:22'),
(235, 162, NULL, 3, 0, '2025-09-27 22:15:22'),
(236, 162, NULL, 5, 0, '2025-09-27 22:15:22'),
(237, 163, 42, NULL, 0, '2025-09-27 22:15:22'),
(238, 164, 42, NULL, 0, '2025-09-27 22:15:28'),
(239, 165, NULL, 1, 0, '2025-09-27 22:15:28'),
(240, 165, NULL, 5, 0, '2025-09-27 22:15:28'),
(241, 166, NULL, 1, 0, '2025-09-27 22:38:14'),
(242, 166, NULL, 3, 0, '2025-09-27 22:38:14'),
(243, 166, NULL, 5, 0, '2025-09-27 22:38:14'),
(244, 167, 42, NULL, 0, '2025-09-27 22:38:14'),
(245, 168, 42, NULL, 0, '2025-09-27 22:38:30'),
(246, 169, NULL, 1, 0, '2025-09-27 22:38:30'),
(247, 169, NULL, 5, 0, '2025-09-27 22:38:30'),
(248, 170, 42, NULL, 0, '2025-09-27 22:39:11'),
(249, 171, NULL, 1, 0, '2025-09-27 22:39:11'),
(250, 171, NULL, 5, 0, '2025-09-27 22:39:11'),
(251, 172, NULL, 1, 0, '2025-09-27 22:43:22'),
(252, 172, NULL, 3, 0, '2025-09-27 22:43:22'),
(253, 172, NULL, 5, 0, '2025-09-27 22:43:22'),
(254, 173, 42, NULL, 0, '2025-09-27 22:43:22'),
(255, 174, 42, NULL, 0, '2025-09-27 22:43:34'),
(256, 175, NULL, 1, 0, '2025-09-27 22:43:34'),
(257, 175, NULL, 5, 0, '2025-09-27 22:43:34'),
(258, 176, NULL, 1, 0, '2025-09-27 22:55:57'),
(259, 176, NULL, 3, 0, '2025-09-27 22:55:57'),
(260, 176, NULL, 5, 0, '2025-09-27 22:55:57'),
(261, 177, 42, NULL, 0, '2025-09-27 22:55:57'),
(262, 178, 42, NULL, 0, '2025-09-27 22:56:05'),
(263, 179, NULL, 1, 0, '2025-09-27 22:56:05'),
(264, 179, NULL, 5, 0, '2025-09-27 22:56:05'),
(265, 180, NULL, 1, 0, '2025-09-27 22:59:28'),
(266, 180, NULL, 3, 0, '2025-09-27 22:59:28'),
(267, 180, NULL, 5, 0, '2025-09-27 22:59:28'),
(268, 181, 42, NULL, 0, '2025-09-27 22:59:28'),
(269, 182, 42, NULL, 0, '2025-09-27 22:59:40'),
(270, 183, NULL, 1, 0, '2025-09-27 22:59:40'),
(271, 183, NULL, 5, 0, '2025-09-27 22:59:40'),
(272, 184, NULL, 1, 0, '2025-09-27 23:03:34'),
(273, 184, NULL, 3, 0, '2025-09-27 23:03:34'),
(274, 184, NULL, 5, 0, '2025-09-27 23:03:34'),
(275, 185, 42, NULL, 0, '2025-09-27 23:03:34'),
(276, 186, 42, NULL, 0, '2025-09-27 23:03:43'),
(277, 187, NULL, 1, 0, '2025-09-27 23:03:43'),
(278, 187, NULL, 5, 0, '2025-09-27 23:03:43'),
(279, 188, NULL, 1, 0, '2025-09-27 23:19:45'),
(280, 188, NULL, 3, 0, '2025-09-27 23:19:45'),
(281, 188, NULL, 5, 0, '2025-09-27 23:19:45'),
(282, 189, 42, NULL, 0, '2025-09-27 23:19:45'),
(283, 190, 42, NULL, 0, '2025-09-27 23:19:54'),
(284, 191, NULL, 1, 0, '2025-09-27 23:19:54'),
(285, 191, NULL, 5, 0, '2025-09-27 23:19:54'),
(286, 192, NULL, 1, 0, '2025-09-27 23:27:13'),
(287, 192, NULL, 3, 0, '2025-09-27 23:27:13'),
(288, 192, NULL, 5, 0, '2025-09-27 23:27:13'),
(289, 193, 42, NULL, 0, '2025-09-27 23:27:13'),
(290, 194, 42, NULL, 0, '2025-09-27 23:27:23'),
(291, 195, NULL, 1, 0, '2025-09-27 23:27:23'),
(292, 195, NULL, 5, 0, '2025-09-27 23:27:23'),
(293, 196, NULL, 1, 0, '2025-09-29 17:12:40'),
(294, 196, NULL, 3, 0, '2025-09-29 17:12:40'),
(295, 196, NULL, 5, 0, '2025-09-29 17:12:40'),
(296, 197, 42, NULL, 0, '2025-09-29 17:12:40'),
(297, 198, 42, NULL, 0, '2025-09-29 17:13:38'),
(298, 199, NULL, 1, 0, '2025-09-29 17:13:38'),
(299, 199, NULL, 5, 0, '2025-09-29 17:13:38'),
(300, 200, NULL, 1, 0, '2025-10-02 15:46:28'),
(301, 200, NULL, 3, 0, '2025-10-02 15:46:28'),
(302, 200, NULL, 5, 0, '2025-10-02 15:46:28'),
(303, 201, 42, NULL, 0, '2025-10-02 15:46:28'),
(304, 202, NULL, 1, 0, '2025-10-06 16:53:17'),
(305, 202, NULL, 3, 0, '2025-10-06 16:53:17'),
(306, 202, NULL, 5, 0, '2025-10-06 16:53:17'),
(307, 203, 42, NULL, 0, '2025-10-06 16:53:17'),
(308, 204, NULL, 1, 0, '2025-10-06 17:04:06'),
(309, 204, NULL, 3, 0, '2025-10-06 17:04:06'),
(310, 204, NULL, 5, 0, '2025-10-06 17:04:06'),
(311, 205, 42, NULL, 0, '2025-10-06 17:04:06'),
(312, 206, NULL, 1, 0, '2025-10-06 17:08:53'),
(313, 206, NULL, 3, 0, '2025-10-06 17:08:53'),
(314, 206, NULL, 5, 0, '2025-10-06 17:08:53'),
(315, 207, 42, NULL, 0, '2025-10-06 17:08:53'),
(316, 208, NULL, 1, 0, '2025-10-06 17:10:09'),
(317, 208, NULL, 3, 0, '2025-10-06 17:10:09'),
(318, 208, NULL, 5, 0, '2025-10-06 17:10:09'),
(319, 209, 42, NULL, 0, '2025-10-06 17:10:09'),
(320, 210, NULL, 1, 0, '2025-10-06 17:12:27'),
(321, 210, NULL, 3, 0, '2025-10-06 17:12:27'),
(322, 210, NULL, 5, 0, '2025-10-06 17:12:27'),
(323, 211, 42, NULL, 0, '2025-10-06 17:12:27'),
(324, 212, NULL, 1, 0, '2025-10-06 17:14:41'),
(325, 212, NULL, 3, 0, '2025-10-06 17:14:41'),
(326, 212, NULL, 5, 0, '2025-10-06 17:14:41'),
(327, 213, 42, NULL, 0, '2025-10-06 17:14:41'),
(328, 214, NULL, 1, 0, '2025-10-06 17:21:12'),
(329, 214, NULL, 3, 0, '2025-10-06 17:21:12'),
(330, 214, NULL, 5, 0, '2025-10-06 17:21:12'),
(331, 215, 42, NULL, 0, '2025-10-06 17:21:12'),
(332, 216, 42, NULL, 0, '2025-10-06 17:22:12'),
(333, 217, NULL, 1, 0, '2025-10-06 17:22:12'),
(334, 217, NULL, 5, 0, '2025-10-06 17:22:12'),
(335, 218, NULL, 1, 0, '2025-10-06 17:22:31'),
(336, 218, NULL, 3, 0, '2025-10-06 17:22:31'),
(337, 218, NULL, 5, 0, '2025-10-06 17:22:31'),
(338, 219, 42, NULL, 0, '2025-10-06 17:22:31'),
(339, 220, 42, NULL, 0, '2025-10-06 17:27:06'),
(340, 221, NULL, 1, 0, '2025-10-06 17:27:06'),
(341, 221, NULL, 5, 0, '2025-10-06 17:27:06'),
(342, 222, NULL, 1, 0, '2025-10-06 17:27:31'),
(343, 222, NULL, 3, 0, '2025-10-06 17:27:31'),
(344, 222, NULL, 5, 0, '2025-10-06 17:27:31'),
(345, 223, 42, NULL, 0, '2025-10-06 17:27:31'),
(346, 224, 42, NULL, 0, '2025-10-06 17:28:07'),
(347, 225, NULL, 1, 0, '2025-10-06 17:28:07'),
(348, 225, NULL, 5, 0, '2025-10-06 17:28:07'),
(349, 226, NULL, 1, 0, '2025-10-06 17:28:35'),
(350, 226, NULL, 3, 0, '2025-10-06 17:28:35'),
(351, 226, NULL, 5, 0, '2025-10-06 17:28:35'),
(352, 227, 42, NULL, 0, '2025-10-06 17:28:35'),
(353, 228, NULL, 1, 0, '2025-10-06 17:34:10'),
(354, 228, NULL, 3, 0, '2025-10-06 17:34:10'),
(355, 228, NULL, 5, 0, '2025-10-06 17:34:10'),
(356, 229, 42, NULL, 0, '2025-10-06 17:34:10'),
(357, 230, NULL, 1, 0, '2025-10-06 17:34:50'),
(358, 230, NULL, 3, 0, '2025-10-06 17:34:50'),
(359, 230, NULL, 5, 0, '2025-10-06 17:34:50'),
(360, 231, 42, NULL, 0, '2025-10-06 17:34:50'),
(361, 232, NULL, 1, 0, '2025-10-06 18:04:50'),
(362, 232, NULL, 3, 0, '2025-10-06 18:04:50'),
(363, 232, NULL, 5, 0, '2025-10-06 18:04:50'),
(364, 233, 42, NULL, 0, '2025-10-06 18:04:50'),
(365, 234, NULL, 1, 0, '2025-10-08 10:25:42'),
(366, 234, NULL, 3, 0, '2025-10-08 10:25:42'),
(367, 234, NULL, 5, 0, '2025-10-08 10:25:42'),
(368, 235, 42, NULL, 0, '2025-10-08 10:25:42'),
(369, 236, NULL, 1, 0, '2025-10-08 10:33:38'),
(370, 236, NULL, 3, 0, '2025-10-08 10:33:38'),
(371, 236, NULL, 5, 0, '2025-10-08 10:33:38'),
(372, 237, 42, NULL, 0, '2025-10-08 10:33:38'),
(373, 238, 42, NULL, 0, '2025-10-10 20:17:32'),
(374, 239, NULL, 1, 0, '2025-10-10 20:17:32'),
(375, 239, NULL, 5, 0, '2025-10-10 20:17:32'),
(376, 240, 42, NULL, 0, '2025-10-10 20:17:45'),
(377, 241, NULL, 1, 0, '2025-10-10 20:17:45'),
(378, 241, NULL, 5, 0, '2025-10-10 20:17:45'),
(379, 242, 42, NULL, 0, '2025-10-10 20:17:47'),
(380, 243, NULL, 1, 0, '2025-10-10 20:17:47'),
(381, 243, NULL, 5, 0, '2025-10-10 20:17:47'),
(382, 244, 42, NULL, 0, '2025-10-10 20:17:49'),
(383, 245, NULL, 1, 0, '2025-10-10 20:17:49'),
(384, 245, NULL, 5, 0, '2025-10-10 20:17:49'),
(385, 246, 42, NULL, 0, '2025-10-10 20:17:50'),
(386, 247, NULL, 1, 0, '2025-10-10 20:17:50'),
(387, 247, NULL, 5, 0, '2025-10-10 20:17:50'),
(388, 248, 42, NULL, 0, '2025-10-10 20:17:53'),
(389, 249, NULL, 1, 0, '2025-10-10 20:17:53'),
(390, 249, NULL, 5, 0, '2025-10-10 20:17:53'),
(391, 250, NULL, 1, 0, '2025-10-10 20:19:24'),
(392, 250, NULL, 3, 0, '2025-10-10 20:19:24'),
(393, 250, NULL, 5, 0, '2025-10-10 20:19:24'),
(394, 251, 42, NULL, 0, '2025-10-10 20:19:24'),
(395, 252, NULL, 1, 0, '2025-10-10 20:21:50'),
(396, 252, NULL, 3, 0, '2025-10-10 20:21:50'),
(397, 252, NULL, 5, 0, '2025-10-10 20:21:50'),
(398, 253, 44, NULL, 0, '2025-10-10 20:21:50'),
(399, 254, NULL, 1, 0, '2025-10-10 20:26:15'),
(400, 254, NULL, 3, 0, '2025-10-10 20:26:15'),
(401, 254, NULL, 5, 0, '2025-10-10 20:26:15'),
(402, 255, 44, NULL, 0, '2025-10-10 20:26:15'),
(403, 256, 44, NULL, 0, '2025-10-10 20:26:26'),
(404, 257, NULL, 1, 0, '2025-10-10 20:26:26'),
(405, 257, NULL, 5, 0, '2025-10-10 20:26:26'),
(406, 258, NULL, 1, 0, '2025-10-10 20:30:41'),
(407, 258, NULL, 3, 0, '2025-10-10 20:30:41'),
(408, 258, NULL, 5, 0, '2025-10-10 20:30:41'),
(409, 259, 44, NULL, 0, '2025-10-10 20:30:41'),
(410, 260, 44, NULL, 0, '2025-10-10 20:30:52'),
(411, 261, NULL, 1, 0, '2025-10-10 20:30:52'),
(412, 261, NULL, 5, 0, '2025-10-10 20:30:52'),
(413, 262, NULL, 1, 0, '2025-10-10 21:19:55'),
(414, 262, NULL, 3, 0, '2025-10-10 21:19:55'),
(415, 262, NULL, 5, 0, '2025-10-10 21:19:55'),
(416, 263, 44, NULL, 0, '2025-10-10 21:19:55'),
(417, 264, NULL, 1, 0, '2025-11-02 12:19:10'),
(418, 264, NULL, 3, 0, '2025-11-02 12:19:10'),
(419, 264, NULL, 5, 0, '2025-11-02 12:19:10'),
(420, 265, 42, NULL, 0, '2025-11-02 12:19:10'),
(421, 266, 42, NULL, 0, '2025-11-02 12:20:01'),
(422, 267, NULL, 1, 0, '2025-11-02 12:20:01'),
(423, 267, NULL, 5, 0, '2025-11-02 12:20:01'),
(424, 268, NULL, 1, 0, '2026-01-18 14:14:09'),
(425, 268, NULL, 3, 0, '2026-01-18 14:14:09'),
(426, 268, NULL, 5, 0, '2026-01-18 14:14:09'),
(429, 271, NULL, 1, 0, '2026-01-18 14:14:35'),
(430, 271, NULL, 5, 0, '2026-01-18 14:14:35'),
(431, 272, NULL, 1, 0, '2026-01-18 14:32:13'),
(432, 272, NULL, 3, 0, '2026-01-18 14:32:13'),
(433, 272, NULL, 5, 0, '2026-01-18 14:32:13'),
(435, 274, 49, NULL, 0, '2026-01-18 14:32:22'),
(436, 275, NULL, 1, 0, '2026-01-18 14:32:22'),
(437, 275, NULL, 5, 0, '2026-01-18 14:32:22'),
(438, 276, NULL, 1, 0, '2026-01-28 19:12:22'),
(439, 276, NULL, 3, 0, '2026-01-28 19:12:22'),
(440, 276, NULL, 5, 0, '2026-01-28 19:12:22'),
(441, 277, 49, NULL, 0, '2026-01-28 19:12:22'),
(442, 278, 49, NULL, 0, '2026-01-28 19:12:55'),
(443, 279, NULL, 1, 0, '2026-01-28 19:12:55'),
(444, 279, NULL, 5, 0, '2026-01-28 19:12:55'),
(445, 280, NULL, 1, 0, '2026-01-28 19:46:22'),
(446, 280, NULL, 3, 0, '2026-01-28 19:46:22'),
(447, 280, NULL, 5, 0, '2026-01-28 19:46:22'),
(448, 281, 49, NULL, 0, '2026-01-28 19:46:22'),
(449, 282, 49, NULL, 0, '2026-01-28 19:46:43'),
(450, 283, NULL, 1, 0, '2026-01-28 19:46:43'),
(451, 283, NULL, 5, 0, '2026-01-28 19:46:43'),
(452, 284, NULL, 1, 0, '2026-01-28 19:54:40'),
(453, 284, NULL, 3, 0, '2026-01-28 19:54:40'),
(454, 284, NULL, 5, 0, '2026-01-28 19:54:40'),
(455, 285, 49, NULL, 0, '2026-01-28 19:54:40'),
(456, 286, 49, NULL, 0, '2026-01-28 20:03:33'),
(457, 287, NULL, 1, 0, '2026-01-28 20:03:33'),
(458, 287, NULL, 5, 0, '2026-01-28 20:03:33'),
(459, 288, 49, NULL, 0, '2026-02-04 15:12:53'),
(460, 289, NULL, 1, 0, '2026-02-04 15:12:53'),
(461, 289, NULL, 5, 0, '2026-02-04 15:12:53'),
(462, 290, 49, NULL, 0, '2026-02-04 15:13:07'),
(463, 291, NULL, 1, 0, '2026-02-04 15:13:07'),
(464, 291, NULL, 5, 0, '2026-02-04 15:13:07'),
(465, 292, NULL, 1, 0, '2026-02-04 15:18:42'),
(466, 292, NULL, 3, 0, '2026-02-04 15:18:42'),
(467, 292, NULL, 5, 0, '2026-02-04 15:18:42'),
(468, 293, 49, NULL, 0, '2026-02-04 15:18:42'),
(469, 294, 49, NULL, 0, '2026-02-04 15:23:38'),
(470, 295, NULL, 1, 0, '2026-02-04 15:23:38'),
(471, 295, NULL, 5, 0, '2026-02-04 15:23:38'),
(472, 296, NULL, 1, 0, '2026-02-04 15:59:57'),
(473, 296, NULL, 3, 0, '2026-02-04 15:59:57'),
(474, 296, NULL, 5, 0, '2026-02-04 15:59:57'),
(475, 297, 49, NULL, 0, '2026-02-04 15:59:57'),
(476, 298, 49, NULL, 0, '2026-02-04 16:00:06'),
(477, 299, NULL, 1, 0, '2026-02-04 16:00:06'),
(478, 299, NULL, 5, 0, '2026-02-04 16:00:06'),
(479, 300, NULL, 1, 0, '2026-02-04 16:23:51'),
(480, 300, NULL, 3, 0, '2026-02-04 16:23:51'),
(481, 300, NULL, 5, 0, '2026-02-04 16:23:51'),
(482, 301, 51, NULL, 0, '2026-02-04 16:23:51'),
(483, 302, 51, NULL, 0, '2026-02-04 16:24:32'),
(484, 303, NULL, 1, 0, '2026-02-04 16:24:32'),
(485, 303, NULL, 5, 0, '2026-02-04 16:24:32'),
(486, 304, NULL, 1, 0, '2026-03-05 23:32:53'),
(487, 304, NULL, 3, 0, '2026-03-05 23:32:53'),
(488, 304, NULL, 5, 0, '2026-03-05 23:32:53'),
(489, 305, 52, NULL, 0, '2026-03-05 23:32:53'),
(490, 306, 52, NULL, 0, '2026-03-05 23:33:55'),
(491, 307, NULL, 1, 0, '2026-03-05 23:33:55'),
(492, 307, NULL, 5, 0, '2026-03-05 23:33:55'),
(493, 308, NULL, 1, 0, '2026-03-05 23:34:31'),
(494, 308, NULL, 3, 0, '2026-03-05 23:34:31'),
(495, 308, NULL, 5, 0, '2026-03-05 23:34:31'),
(496, 309, 52, NULL, 0, '2026-03-05 23:34:31'),
(497, 310, 52, NULL, 0, '2026-03-05 23:34:39'),
(498, 311, NULL, 1, 0, '2026-03-05 23:34:39'),
(499, 311, NULL, 5, 0, '2026-03-05 23:34:39'),
(500, 312, NULL, 1, 0, '2026-03-05 23:37:03'),
(501, 312, NULL, 3, 0, '2026-03-05 23:37:03'),
(502, 312, NULL, 5, 0, '2026-03-05 23:37:03'),
(503, 313, 52, NULL, 0, '2026-03-05 23:37:03'),
(504, 314, 52, NULL, 0, '2026-03-05 23:37:10'),
(505, 315, NULL, 1, 0, '2026-03-05 23:37:10'),
(506, 315, NULL, 5, 0, '2026-03-05 23:37:10'),
(507, 316, NULL, 1, 0, '2026-03-05 23:38:18'),
(508, 316, NULL, 3, 0, '2026-03-05 23:38:18'),
(509, 316, NULL, 5, 0, '2026-03-05 23:38:18'),
(510, 317, 52, NULL, 0, '2026-03-05 23:38:19'),
(511, 318, 52, NULL, 0, '2026-03-05 23:38:28'),
(512, 319, NULL, 1, 0, '2026-03-05 23:38:28'),
(513, 319, NULL, 5, 0, '2026-03-05 23:38:28'),
(514, 320, NULL, 1, 0, '2026-03-05 23:38:47'),
(515, 320, NULL, 3, 0, '2026-03-05 23:38:47'),
(516, 320, NULL, 5, 0, '2026-03-05 23:38:47'),
(517, 321, 52, NULL, 0, '2026-03-05 23:38:47'),
(518, 322, 52, NULL, 0, '2026-03-05 23:38:54'),
(519, 323, NULL, 1, 0, '2026-03-05 23:38:54'),
(520, 323, NULL, 5, 0, '2026-03-05 23:38:54'),
(521, 324, NULL, 1, 0, '2026-03-06 12:37:37'),
(522, 324, NULL, 3, 0, '2026-03-06 12:37:38'),
(523, 324, NULL, 5, 0, '2026-03-06 12:37:38'),
(524, 325, 53, NULL, 0, '2026-03-06 12:37:38'),
(525, 326, NULL, 1, 0, '2026-03-06 12:39:35'),
(526, 326, NULL, 3, 0, '2026-03-06 12:39:35'),
(527, 326, NULL, 5, 0, '2026-03-06 12:39:35'),
(528, 327, 53, NULL, 0, '2026-03-06 12:39:35'),
(529, 328, NULL, 1, 0, '2026-03-06 12:41:11'),
(530, 328, NULL, 3, 0, '2026-03-06 12:41:11'),
(531, 328, NULL, 5, 0, '2026-03-06 12:41:11'),
(532, 329, 53, NULL, 0, '2026-03-06 12:41:11'),
(533, 330, NULL, 1, 0, '2026-03-06 12:42:58'),
(534, 330, NULL, 3, 0, '2026-03-06 12:42:58'),
(535, 330, NULL, 5, 0, '2026-03-06 12:42:58'),
(536, 331, 53, NULL, 0, '2026-03-06 12:42:58'),
(537, 332, NULL, 1, 0, '2026-03-13 23:46:17'),
(538, 332, NULL, 3, 0, '2026-03-13 23:46:17'),
(539, 332, NULL, 5, 0, '2026-03-13 23:46:17'),
(540, 333, 54, NULL, 1, '2026-03-13 23:46:17'),
(541, 334, 54, NULL, 1, '2026-03-13 23:48:08'),
(542, 335, NULL, 1, 0, '2026-03-13 23:48:09'),
(543, 335, NULL, 5, 0, '2026-03-13 23:48:09'),
(544, 336, NULL, 1, 0, '2026-03-13 23:49:27'),
(545, 336, NULL, 3, 0, '2026-03-13 23:49:27'),
(546, 336, NULL, 5, 0, '2026-03-13 23:49:27'),
(547, 337, 54, NULL, 1, '2026-03-13 23:49:27'),
(548, 338, 54, NULL, 1, '2026-03-13 23:50:03'),
(549, 339, NULL, 1, 0, '2026-03-13 23:50:03'),
(550, 339, NULL, 5, 0, '2026-03-13 23:50:03'),
(551, 340, NULL, 1, 0, '2026-03-14 00:37:52'),
(552, 340, NULL, 3, 0, '2026-03-14 00:37:52'),
(553, 340, NULL, 5, 0, '2026-03-14 00:37:52'),
(554, 341, 54, NULL, 1, '2026-03-14 00:37:52'),
(555, 342, NULL, 1, 0, '2026-03-14 01:58:24'),
(556, 342, NULL, 3, 0, '2026-03-14 01:58:24'),
(557, 342, NULL, 5, 0, '2026-03-14 01:58:24'),
(558, 342, NULL, 12, 0, '2026-03-14 01:58:24'),
(559, 343, 56, NULL, 0, '2026-03-14 01:58:25'),
(560, 344, 56, NULL, 0, '2026-03-14 01:59:16'),
(561, 345, NULL, 1, 0, '2026-03-14 01:59:16'),
(562, 345, NULL, 5, 0, '2026-03-14 01:59:16'),
(563, 345, NULL, 12, 0, '2026-03-14 01:59:17'),
(564, 346, NULL, 1, 0, '2026-03-14 04:46:27'),
(565, 346, NULL, 3, 0, '2026-03-14 04:46:27'),
(566, 346, NULL, 5, 0, '2026-03-14 04:46:27'),
(567, 346, NULL, 12, 0, '2026-03-14 04:46:27'),
(568, 347, 54, NULL, 1, '2026-03-14 04:46:27'),
(569, 348, 54, NULL, 1, '2026-03-14 04:46:43'),
(570, 349, NULL, 1, 0, '2026-03-14 04:46:43'),
(571, 349, NULL, 5, 0, '2026-03-14 04:46:43'),
(572, 349, NULL, 12, 0, '2026-03-14 04:46:43'),
(573, 350, NULL, 1, 0, '2026-03-14 04:47:33'),
(574, 350, NULL, 3, 0, '2026-03-14 04:47:33'),
(575, 350, NULL, 5, 0, '2026-03-14 04:47:33'),
(576, 350, NULL, 12, 0, '2026-03-14 04:47:33'),
(577, 351, 54, NULL, 1, '2026-03-14 04:47:34'),
(578, 352, 54, NULL, 1, '2026-03-14 04:48:00'),
(579, 353, NULL, 1, 0, '2026-03-14 04:48:00'),
(580, 353, NULL, 5, 0, '2026-03-14 04:48:00'),
(581, 353, NULL, 12, 0, '2026-03-14 04:48:00'),
(582, 354, NULL, 1, 0, '2026-03-14 04:52:47'),
(583, 354, NULL, 3, 0, '2026-03-14 04:52:47'),
(584, 354, NULL, 5, 0, '2026-03-14 04:52:47'),
(585, 354, NULL, 12, 0, '2026-03-14 04:52:47'),
(586, 355, 54, NULL, 1, '2026-03-14 04:52:47'),
(587, 356, 54, NULL, 1, '2026-03-14 04:53:13'),
(588, 357, NULL, 1, 0, '2026-03-14 04:53:13'),
(589, 357, NULL, 5, 0, '2026-03-14 04:53:13'),
(590, 357, NULL, 12, 0, '2026-03-14 04:53:14'),
(591, 358, NULL, 1, 0, '2026-03-14 05:01:53'),
(592, 358, NULL, 3, 0, '2026-03-14 05:01:53'),
(593, 358, NULL, 5, 0, '2026-03-14 05:01:53'),
(594, 358, NULL, 12, 0, '2026-03-14 05:01:53'),
(595, 359, 54, NULL, 1, '2026-03-14 05:01:53'),
(596, 360, 54, NULL, 1, '2026-03-14 05:02:15'),
(597, 361, NULL, 1, 0, '2026-03-14 05:02:15'),
(598, 361, NULL, 5, 0, '2026-03-14 05:02:15'),
(599, 361, NULL, 12, 0, '2026-03-14 05:02:15'),
(600, 362, NULL, 1, 0, '2026-03-14 05:26:05'),
(601, 362, NULL, 3, 0, '2026-03-14 05:26:06'),
(602, 362, NULL, 5, 0, '2026-03-14 05:26:06'),
(603, 362, NULL, 12, 0, '2026-03-14 05:26:06'),
(604, 363, 54, NULL, 0, '2026-03-14 05:26:06'),
(605, 364, 54, NULL, 1, '2026-03-14 05:26:16'),
(606, 365, NULL, 1, 0, '2026-03-14 05:26:16'),
(607, 365, NULL, 5, 0, '2026-03-14 05:26:16'),
(608, 365, NULL, 12, 0, '2026-03-14 05:26:16'),
(609, 366, NULL, 1, 0, '2026-03-14 05:31:46'),
(610, 366, NULL, 3, 0, '2026-03-14 05:31:46'),
(611, 366, NULL, 5, 0, '2026-03-14 05:31:46'),
(612, 366, NULL, 12, 0, '2026-03-14 05:31:46'),
(613, 367, 54, NULL, 0, '2026-03-14 05:31:46'),
(614, 368, 54, NULL, 0, '2026-03-14 05:32:02'),
(615, 369, NULL, 1, 0, '2026-03-14 05:32:02'),
(616, 369, NULL, 5, 0, '2026-03-14 05:32:02'),
(617, 369, NULL, 12, 0, '2026-03-14 05:32:02'),
(618, 370, NULL, 1, 0, '2026-03-14 05:40:00'),
(619, 370, NULL, 3, 0, '2026-03-14 05:40:00'),
(620, 370, NULL, 5, 0, '2026-03-14 05:40:00'),
(621, 370, NULL, 12, 0, '2026-03-14 05:40:00'),
(622, 371, 54, NULL, 0, '2026-03-14 05:40:00'),
(623, 372, 54, NULL, 0, '2026-03-14 05:40:34'),
(624, 373, NULL, 1, 0, '2026-03-14 05:40:34'),
(625, 373, NULL, 5, 0, '2026-03-14 05:40:34'),
(626, 373, NULL, 12, 0, '2026-03-14 05:40:34'),
(627, 374, NULL, 1, 0, '2026-03-16 14:36:26'),
(628, 374, NULL, 3, 0, '2026-03-16 14:36:26'),
(629, 374, NULL, 5, 0, '2026-03-16 14:36:26'),
(630, 374, NULL, 12, 0, '2026-03-16 14:36:26'),
(631, 375, 54, NULL, 0, '2026-03-16 14:36:26'),
(632, 376, 54, NULL, 0, '2026-03-16 14:36:38'),
(633, 377, NULL, 1, 0, '2026-03-16 14:36:38'),
(634, 377, NULL, 5, 0, '2026-03-16 14:36:38'),
(635, 377, NULL, 12, 0, '2026-03-16 14:36:38'),
(636, 378, NULL, 1, 0, '2026-03-16 15:15:16'),
(637, 378, NULL, 3, 0, '2026-03-16 15:15:16'),
(638, 378, NULL, 5, 0, '2026-03-16 15:15:16'),
(639, 378, NULL, 12, 0, '2026-03-16 15:15:16'),
(640, 379, 54, NULL, 0, '2026-03-16 15:15:17'),
(641, 380, 54, NULL, 0, '2026-03-16 15:15:35'),
(642, 381, NULL, 1, 0, '2026-03-16 15:15:35'),
(643, 381, NULL, 5, 0, '2026-03-16 15:15:35'),
(644, 381, NULL, 12, 0, '2026-03-16 15:15:35'),
(645, 382, NULL, 1, 0, '2026-03-16 15:58:57'),
(646, 382, NULL, 3, 0, '2026-03-16 15:58:57'),
(647, 382, NULL, 5, 0, '2026-03-16 15:58:58'),
(648, 382, NULL, 12, 0, '2026-03-16 15:58:58'),
(649, 383, 54, NULL, 0, '2026-03-16 15:58:58'),
(650, 384, 54, NULL, 0, '2026-03-16 15:59:17'),
(651, 385, NULL, 1, 0, '2026-03-16 15:59:17'),
(652, 385, NULL, 5, 0, '2026-03-16 15:59:17'),
(653, 385, NULL, 12, 0, '2026-03-16 15:59:17'),
(654, 386, NULL, 1, 0, '2026-03-16 16:00:37'),
(655, 386, NULL, 3, 0, '2026-03-16 16:00:37'),
(656, 386, NULL, 5, 0, '2026-03-16 16:00:37'),
(657, 386, NULL, 12, 0, '2026-03-16 16:00:37'),
(658, 387, 54, NULL, 0, '2026-03-16 16:00:37'),
(659, 388, 54, NULL, 0, '2026-03-16 16:00:52'),
(660, 389, NULL, 1, 0, '2026-03-16 16:00:52'),
(661, 389, NULL, 5, 0, '2026-03-16 16:00:52'),
(662, 389, NULL, 12, 0, '2026-03-16 16:00:52');

-- --------------------------------------------------------

--
-- Table structure for table `orders`
--

CREATE TABLE `orders` (
  `order_id` int NOT NULL,
  `product_id` int DEFAULT NULL,
  `user_id` int DEFAULT NULL,
  `purchase_date` datetime DEFAULT CURRENT_TIMESTAMP,
  `quantity` int DEFAULT NULL,
  `original_total` decimal(10,2) NOT NULL,
  `discount_value` decimal(10,2) DEFAULT '0.00',
  `net_total` decimal(10,2) NOT NULL,
  `promo_code_used` varchar(100) DEFAULT NULL,
  `status` enum('approve','cancel','pending') DEFAULT 'pending'
) ENGINE=InnoDB DEFAULT CHARSET=utf8mb4 COLLATE=utf8mb4_0900_ai_ci;

--
-- Dumping data for table `orders`
--

INSERT INTO `orders` (`order_id`, `product_id`, `user_id`, `purchase_date`, `quantity`, `original_total`, `discount_value`, `net_total`, `promo_code_used`, `status`) VALUES
(15, 17, 54, '2026-03-14 00:00:00', 1, '122.00', '0.00', '122.00', '', 'pending');

-- --------------------------------------------------------

--
-- Table structure for table `password_resets`
--

CREATE TABLE `password_resets` (
  `id` int NOT NULL,
  `email` varchar(255) NOT NULL,
  `otp` varchar(10) NOT NULL,
  `created_at` timestamp NOT NULL DEFAULT CURRENT_TIMESTAMP
) ENGINE=InnoDB DEFAULT CHARSET=utf8mb4 COLLATE=utf8mb4_0900_ai_ci;

--
-- Dumping data for table `password_resets`
--

INSERT INTO `password_resets` (`id`, `email`, `otp`, `created_at`) VALUES
(1, 'Yo@gmail.com', '189782', '2025-07-20 08:18:31'),
(2, 'sobihmohamedsobih@gmail.com', '394124', '2025-07-20 08:18:50'),
(3, 'sobihmohamedsobih@gmail.com', '577138', '2025-07-21 09:24:30'),
(4, 'sobihmohamedsobih@gmail.com', '151235', '2025-07-21 09:34:39'),
(5, 'sobihmohamedsobih@gmail.com', '275997', '2025-07-21 10:13:10'),
(6, 'sobihmohamedsobih@gmail.com', '243767', '2025-07-21 10:14:37'),
(7, 'nagynady1976@gmail.com', '993337', '2026-01-11 18:13:38'),
(8, 'admin@gmail.com', '413953', '2026-01-11 18:14:53'),
(9, 'nagynady1976@gmail.com', '913271', '2026-01-11 18:17:49'),
(10, 'nagynady1976@gmail.com', '489266', '2026-01-11 18:20:31'),
(11, 'nagynady1976@gmail.com', '377550', '2026-01-11 18:41:11');

-- --------------------------------------------------------

--
-- Table structure for table `products`
--

CREATE TABLE `products` (
  `product_id` int NOT NULL,
  `name` varchar(255) NOT NULL,
  `main_image_url` varchar(255) CHARACTER SET utf8mb4 COLLATE utf8mb4_0900_ai_ci DEFAULT NULL,
  `price` float NOT NULL,
  `description` text,
  `is_in_stock` tinyint(1) DEFAULT (1),
  `category_id` int NOT NULL
) ENGINE=InnoDB DEFAULT CHARSET=utf8mb4 COLLATE=utf8mb4_0900_ai_ci;

--
-- Dumping data for table `products`
--

INSERT INTO `products` (`product_id`, `name`, `main_image_url`, `price`, `description`, `is_in_stock`, `category_id`) VALUES
(17, 'sdvfsdgf', '/uploads/Products/17/1768752646_696d0606ad6a4.png', 122, 'sdgasgfasfdgsafdg', 1, 8),
(18, 'xzcsdcsdc', '/uploads/Products/18/1768752914_696d07129a377.png', 1200, 'sfsdfasdfdsfasdf', 0, 9),
(21, 'mmmmmmm', '/uploads/Products/21/1768755041_696d0f61b26df.png', 122, 'csdvcasdvc;jknsdv', 1, 8),
(22, 'منتج رقم 1', '/uploads/Products/22/1769170970_6973681a3082c.jpeg', 1200, 'هذا هو المنتج الاول ', 1, 8),
(23, 'mmmmm', '/uploads/Products/23/1769184403_69739c9361904.png', 120, 'kkdkkdkkkkdopdpo', 1, 8),
(24, 'dluhvkahfdslighlaiudfshuighaiushgliuahsdf;ghas;oif', '/uploads/Products/24/1769186031_6973a2ef18de6.png', 120, 'sadsdfasdfsdf', 1, 8),
(27, 'sdagasdgsgd', '/uploads/Products/27/1769189015_6973ae979c43f.png', 1222, 'gadsfgdfga', 1, 8);

-- --------------------------------------------------------

--
-- Table structure for table `product_sub_images`
--

CREATE TABLE `product_sub_images` (
  `sub_image_id` int NOT NULL,
  `product_id` int NOT NULL,
  `sub_image_url` varchar(255) NOT NULL
) ENGINE=InnoDB DEFAULT CHARSET=utf8mb4 COLLATE=utf8mb4_0900_ai_ci;

--
-- Dumping data for table `product_sub_images`
--

INSERT INTO `product_sub_images` (`sub_image_id`, `product_id`, `sub_image_url`) VALUES
(146, 18, '/uploads/Products/18/1769185627_6973a15bd3828.jpg'),
(147, 18, '/uploads/Products/18/1769185627_6973a15bd6406.jpg');

-- --------------------------------------------------------

--
-- Table structure for table `promo_codes`
--

CREATE TABLE `promo_codes` (
  `promoCode_id` int NOT NULL,
  `promo_code` varchar(100) NOT NULL,
  `start_date` date NOT NULL,
  `end_date` date NOT NULL,
  `percentage_of_discount` decimal(5,2) NOT NULL,
  `created_at` timestamp NULL DEFAULT CURRENT_TIMESTAMP
) ENGINE=InnoDB DEFAULT CHARSET=utf8mb4 COLLATE=utf8mb4_0900_ai_ci;

--
-- Dumping data for table `promo_codes`
--

INSERT INTO `promo_codes` (`promoCode_id`, `promo_code`, `start_date`, `end_date`, `percentage_of_discount`, `created_at`) VALUES
(1, 'DISCOUNT10', '2025-09-01', '2026-03-13', '10.00', '2025-09-11 06:51:11'),
(2, 'SALE10', '2025-09-02', '2025-09-10', '10.00', '2025-09-11 06:51:42'),
(10, 'Mo100', '2026-02-04', '2026-02-04', '20.00', '2026-02-04 17:02:09'),
(11, 'D20', '2026-03-06', '2026-03-13', '20.00', '2026-03-14 00:30:12'),
(12, 'p30', '2026-03-14', '2026-03-20', '30.00', '2026-03-14 00:35:43'),
(13, 'k10', '2026-03-14', '2026-03-14', '10.00', '2026-03-14 00:37:34');

-- --------------------------------------------------------

--
-- Table structure for table `services`
--

CREATE TABLE `services` (
  `service_id` int NOT NULL,
  `picture` varchar(255) DEFAULT NULL,
  `title` varchar(150) NOT NULL,
  `details` text CHARACTER SET utf8mb4 COLLATE utf8mb4_0900_ai_ci,
  `duration` varchar(100) DEFAULT NULL,
  `price` decimal(10,2) NOT NULL,
  `created_at` timestamp NULL DEFAULT CURRENT_TIMESTAMP,
  `admin_id` int DEFAULT NULL
) ENGINE=InnoDB DEFAULT CHARSET=utf8mb4 COLLATE=utf8mb4_0900_ai_ci;

--
-- Dumping data for table `services`
--

INSERT INTO `services` (`service_id`, `picture`, `title`, `details`, `duration`, `price`, `created_at`, `admin_id`) VALUES
(7, '/uploads/Services/1769282330_Gemini_Generated_Image_y2v9jiy2v9jiy2v9.png', 'eeee', 'sfgdfgdfsfg', '100Hourergergergqewrgwehtethaedtrhaerhaerh5w4a5eht', '210.00', '2026-01-24 19:18:50', 3),
(8, '/uploads/Services/1769624990_ChatGPT Image Jan 25, 2026, 04_02_39 PM.png', 'sfdfffffffffffffffffffffffffffffffffffffffffffffff', 'sdfsdfasdfsdfsdfsdfsdfsdddddddddddddddddddddddddddddssssssssssssssssssssssssssssssssssssssssssssssssssssssssssssssssssssssssssssssssssssssssssssssssssssssssdddddsewqrawefWFE', '60 Min', '2222.00', '2026-01-28 18:29:50', 3),
(9, '/uploads/Services/1773674985_2021-hyundai-elantra.png', '/kl.jhjhgrfe', '\'\r\n[p\'o;ilukyjthretyhukjl;', 'iuytrewqergth', '66.00', '2026-03-16 15:29:45', 3),
(10, '/uploads/Services/1773676619_2021-hyundai-elantra.png', 'fdgvedbvefvb', 'kijuhgfdfvghjkiophjkjnvb', '50', '99.00', '2026-03-16 15:56:59', 3),
(11, '/uploads/Services/1773676645_NoImage.png', 'lkjmhn', '7\\\r\n][[\r\n{', '66', '20.00', '2026-03-16 15:57:25', 3);

-- --------------------------------------------------------

--
-- Table structure for table `training_requests`
--

CREATE TABLE `training_requests` (
  `request_id` int NOT NULL,
  `start_date` date NOT NULL,
  `end_date` date NOT NULL,
  `injury_details` text,
  `goal_description` text,
  `age` tinyint NOT NULL,
  `training_per_week` char(7) DEFAULT NULL,
  `diseases_details` text,
  `created_at` date NOT NULL DEFAULT (curdate()),
  `weight` float NOT NULL,
  `height` decimal(5,2) NOT NULL,
  `user_id` int NOT NULL,
  `service_id` int DEFAULT NULL,
  `service_name` varchar(255) DEFAULT NULL,
  `training_place` varchar(255) DEFAULT NULL,
  `status` enum('pending','approved','cancelled') DEFAULT 'pending',
  `isExpired` tinyint(1) DEFAULT '0'
) ENGINE=InnoDB DEFAULT CHARSET=utf8mb4 COLLATE=utf8mb4_0900_ai_ci;

--
-- Dumping data for table `training_requests`
--

INSERT INTO `training_requests` (`request_id`, `start_date`, `end_date`, `injury_details`, `goal_description`, `age`, `training_per_week`, `diseases_details`, `created_at`, `weight`, `height`, `user_id`, `service_id`, `service_name`, `training_place`, `status`, `isExpired`) VALUES
(1, '2025-08-05', '2025-08-30', 'عضلة الفخذ الخلفية', 'استرجاع اللياقة وتقوية الساق', 25, '3', 'لا يوجد', '2025-08-01', 72, '175.00', 34, NULL, NULL, 'صالة رياضية', 'cancelled', 0),
(2, '2025-08-01', '2025-08-02', 'عضلة الفخذ الخلفية', 'استرجاع اللياقة وتقوية الساق', 25, '3', 'لا يوجد', '2025-08-01', 72, '175.00', 34, NULL, NULL, 'صالة رياضية', 'approved', 0),
(3, '2025-08-10', '2025-08-22', 'عضلة الفخذ الخلفية', 'استرجاع اللياقة وتقوية الساق', 25, '3', 'لا يوجد', '2025-08-05', 72, '175.00', 34, NULL, NULL, 'صالة رياضية', 'cancelled', 0),
(4, '2025-08-11', '2025-08-22', 'عضلة الفخذ الخلفية', 'استرجاع اللياقة وتقوية الساق', 25, '3', 'لا يوجد', '2025-08-05', 72, '175.00', 34, NULL, NULL, 'صالة رياضية', 'pending', 0),
(5, '2025-08-11', '2025-08-22', 'عضلة الفخذ الخلفية', 'استرجاع اللياقة وتقوية الساق', 25, '3', 'لا يوجد', '2025-08-05', 72, '175.00', 34, NULL, NULL, 'صالة رياضية', 'pending', 0),
(6, '2025-08-11', '2025-08-22', 'عضلة الفخذ الخلفية', 'استرجاع اللياقة وتقوية الساق', 25, '3', 'لا يوجد', '2025-08-05', 72, '175.00', 34, NULL, NULL, 'صالة رياضية', 'pending', 0),
(7, '2025-08-12', '2025-08-22', 'عضلة الفخذ الخلفية', 'استرجاع اللياقة وتقوية الساق', 25, '3', 'لا يوجد', '2025-08-05', 72, '175.00', 34, NULL, NULL, 'صالة رياضية', 'pending', 0),
(8, '2025-08-12', '2025-08-22', 'عضلة الفخذ الخلفية', 'استرجاع اللياقة وتقوية الساق', 25, '3', 'لا يوجد', '2025-08-05', 72, '175.00', 34, NULL, NULL, 'صالة رياضية', 'pending', 0),
(9, '2025-08-12', '2025-08-22', 'عضلة الفخذ الخلفية', 'استرجاع اللياقة وتقوية الساق', 25, '3', 'لا يوجد', '2025-08-05', 72, '175.00', 34, NULL, NULL, 'صالة رياضية', 'pending', 0),
(10, '2025-08-12', '2025-08-22', 'عضلة الفخذ الخلفية', 'استرجاع اللياقة وتقوية الساق', 25, '3', 'لا يوجد', '2025-08-05', 72, '175.00', 34, NULL, NULL, 'صالة رياضية', 'pending', 0),
(11, '2025-08-12', '2025-08-22', 'عضلة الفخذ الخلفية', 'استرجاع اللياقة وتقوية الساق', 25, '3', 'لا يوجد', '2025-08-05', 72, '175.00', 34, NULL, NULL, 'صالة رياضية', 'pending', 0),
(12, '2025-08-12', '2025-08-22', 'عضلة الفخذ الخلفية', 'استرجاع اللياقة وتقوية الساق', 25, '3', 'لا يوجد', '2025-08-05', 72, '175.00', 34, NULL, NULL, 'صالة رياضية', 'pending', 0),
(13, '2025-08-12', '2025-08-22', 'عضلة الفخذ الخلفية', 'استرجاع اللياقة وتقوية الساق', 25, '3', 'لا يوجد', '2025-08-05', 72, '175.00', 34, NULL, NULL, 'صالة رياضية', 'pending', 0),
(14, '2025-08-12', '2025-08-22', 'عضلة الفخذ الخلفية', 'استرجاع اللياقة وتقوية الساق', 25, '3', 'لا يوجد', '2025-08-05', 72, '175.00', 34, NULL, NULL, 'صالة رياضية', 'cancelled', 0),
(17, '2025-08-12', '2025-08-22', 'عضلة الفخذ الخلفية', 'استرجاع اللياقة وتقوية الساق', 25, '3', 'لا يوجد', '2025-08-05', 72, '175.00', 34, NULL, NULL, 'صالة رياضية', 'approved', 0),
(18, '2025-08-12', '2025-08-22', 'عضلة الفخذ الخلفية', 'استرجاع اللياقة وتقوية الساق', 25, '3', 'لا يوجد', '2025-08-05', 72, '175.00', 34, NULL, NULL, 'صالة رياضية', 'approved', 0),
(19, '2025-08-12', '2025-08-22', 'عضلة الفخذ الخلفية', 'استرجاع اللياقة وتقوية الساق', 25, '3', 'لا يوجد', '2025-08-05', 72, '175.00', 34, NULL, NULL, 'صالة رياضية', 'approved', 0),
(20, '2025-09-23', '2025-10-23', 'الانتلالتلهالمهللامنهلاه', 'تنلامنتلانلا', 18, '6', 'ممممممممممم\n', '2025-09-23', 80, '175.00', 42, NULL, NULL, 'gym', 'approved', 0),
(23, '2026-01-28', '2026-02-27', '', 'sdsdsdsdsdsd', 10, '6', 'dfghsdhsdhfghsfth', '2026-01-28', 99, '60.00', 49, NULL, NULL, 'gym', 'cancelled', 0),
(24, '2026-01-28', '2026-02-27', 'sdgasdgasd', 'sdgDSFgDFSg', 12, '6', 'sadgsfgar', '2026-01-28', 120, '177.00', 49, NULL, NULL, 'gym', 'approved', 0),
(25, '2026-02-04', '2026-03-06', 'dxgbzxdfzs', 'fgadrgazdr', 25, '6', 'snfgsdfn', '2026-02-04', 150, '160.00', 49, NULL, NULL, 'gym', 'approved', 0),
(26, '2026-02-04', '2026-03-06', 'fsdfase', 'sdvsadfxdfhgdrthft', 33, '6', 'sarge', '2026-02-04', 222, '196.00', 49, NULL, NULL, 'gym', 'approved', 0),
(27, '2026-02-04', '2026-03-06', 'gibhikvhui', 'sdfasdfasdfasd', 30, '6', 'cguivygivyukukj', '2026-02-04', 100, '190.00', 51, NULL, NULL, 'gym', 'approved', 0),
(31, '2026-03-06', '2026-04-05', 'sdfsdfas', 'sdfasdfasdf', 19, '6', 'sdfsdsdfa', '2026-03-05', 111, '111.00', 52, NULL, NULL, 'gym', 'cancelled', 0),
(32, '2026-03-06', '2026-04-05', 'szvdasfvSD', 'sdfsdfasdfasdf', 22, '6', 'FSDFASFGARSGSDF', '2026-03-05', 222, '222.00', 52, NULL, NULL, 'gym', 'approved', 0),
(33, '2026-08-01', '2026-08-02', 'عضلة الفخذ الخلفية', 'استرجاع اللياقة وتقوية الساق', 25, '3', 'لا يوجد', '2026-03-06', 72, '175.00', 53, NULL, NULL, 'صالة رياضية', 'pending', 0),
(34, '2026-08-01', '2026-08-02', 'عضلة الفخذ الخلفية', 'استرجاع اللياقة وتقوية الساق', 25, '3', 'لا يوجد', '2026-03-06', 72, '175.00', 53, NULL, NULL, 'صالة رياضية', 'pending', 0),
(35, '2026-08-01', '2026-08-02', 'عضلة الفخذ الخلفية', 'استرجاع اللياقة وتقوية الساق', 25, '3', 'لا يوجد', '2026-03-06', 72, '175.00', 53, NULL, NULL, 'صالة رياضية', 'pending', 0),
(36, '2026-08-01', '2026-08-02', 'عضلة الفخذ الخلفية', 'استرجاع اللياقة وتقوية الساق', 25, '3', 'لا يوجد', '2026-03-06', 72, '175.00', 53, NULL, NULL, 'صالة رياضية', 'pending', 0),
(37, '2026-03-13', '2026-04-12', 'ppp', 'pp', 88, '5', 'ppp', '2026-03-13', 88, '888.00', 54, NULL, NULL, 'gym', 'cancelled', 0),
(38, '2026-03-19', '2026-04-18', ';lkjh', 'ppppp', 22, '5', 'lkjhgf', '2026-03-13', 66, '120.00', 54, NULL, NULL, 'home', 'approved', 0),
(39, '2026-03-24', '2026-04-23', 'hhufydrte', 'ihugyftr', 44, '2', 'ewqear', '2026-03-14', 44, '44.00', 56, NULL, NULL, 'home', 'approved', 0),
(40, '2026-03-21', '2026-04-20', ';[poiuytre', 'hgfds', 55, '5', 'awQ', '2026-03-14', 55, '55.00', 54, NULL, NULL, 'both', 'approved', 0),
(41, '2026-03-18', '2026-04-17', '22', 'XCVB', 22, '22', '22', '2026-03-14', 22, '22.00', 54, NULL, NULL, 'home', 'approved', 0),
(42, '2026-03-12', '2026-04-11', 'lkjhgfgdsas', '55jihkugjyfhtd', 55, '2', 'hjkjhgfds', '2026-03-14', 55, '55.00', 54, NULL, NULL, 'both', 'approved', 0),
(43, '2026-03-31', '2026-04-30', 'jhgfdsa', 'ytgfdwsqwsdefrg', 55, '55', 'sdfghjkl;[\'iuytr', '2026-03-14', 55, '55.00', 54, NULL, NULL, 'home', 'approved', 0),
(44, '2026-04-30', '2026-05-30', 'iuytuyio8i9po', 'hgfdfghj', 75, '2', 'yiuiojokj', '2026-03-14', 44, '66.00', 54, NULL, NULL, 'both', 'cancelled', 0),
(45, '2026-03-04', '2026-04-03', 'opoiuyt', ';oljhkjghfgdfd', 55, '8', 'ghfdsa', '2026-03-16', 44, '44.00', 54, NULL, NULL, 'both', 'approved', 0),
(46, '2026-03-11', '2026-04-10', '\n\';\'lkjhg', 'oiuytreyuiop;iuyu', 55, '5', 'trhyukyiuloi', '2026-03-16', 55, '55.00', 54, 9, '/kl.jhjhgrfe', 'home', 'approved', 0);

-- --------------------------------------------------------

--
-- Table structure for table `users`
--

CREATE TABLE `users` (
  `user_id` int NOT NULL,
  `name` varchar(255) NOT NULL,
  `email` varchar(255) NOT NULL,
  `password` varchar(255) NOT NULL,
  `phone` char(11) NOT NULL,
  `address` varchar(255) DEFAULT NULL,
  `country` varchar(255) DEFAULT NULL,
  `join_at` date NOT NULL DEFAULT (curdate()),
  `user_type` enum('Coach','Trainee') CHARACTER SET utf8mb4 COLLATE utf8mb4_0900_ai_ci NOT NULL
) ENGINE=InnoDB DEFAULT CHARSET=utf8mb4 COLLATE=utf8mb4_0900_ai_ci;

--
-- Dumping data for table `users`
--

INSERT INTO `users` (`user_id`, `name`, `email`, `password`, `phone`, `address`, `country`, `join_at`, `user_type`) VALUES
(34, 'Sobih Updatedddddd', 'sobihmohamedsobih@gmail.com', '$2y$10$P9/9WylZzVdipTRk1iLRKu.LDeOARf7rg7XRGuW8UG4GoQIHlZ84W', '01112223344', 'Updated Address', 'Updated Country', '2025-07-19', 'Coach'),
(35, 'tst', 'tst@gmail.com', '$2y$10$UVzVZp3NkpoO1CA5AgYy4OIcqcEMoPoMq.B9bPph2bhvwrlOU7lOq', '01058057499', 'ssssssss', 'Egypt', '2025-07-19', 'Trainee'),
(36, 'tt', 'tt@gmail.com', '$2y$10$n5KaGxjasOO.2eDatP3VA.25gATlNK3p5q3tbU/JSh2EvRY2zURum', '01068057493', 'ssssssss', 'Egypt', '2025-07-19', 'Trainee'),
(37, 'ss', 'ss@gmail.com', '$2y$10$aVz0E1O1UIEGGBDLNdWPXO49BEltpW4FKeaerfRuYzQ764G3H.G0m', '01058657499', 'ssssssss', 'Egypt', '2025-07-20', 'Coach'),
(38, 'yosef', 'yo@gmail.com', '$2y$10$IxCMsJhqZ.mbgXnYdOFuteTDBp4bgIhuVBSqm4g7Y8oztkP4iGI5.', '01099299537', 'cairo', 'egypt', '2025-07-20', 'Coach'),
(40, 'Added User', 'Added User@gmail.com', '$2y$10$P9/9WylZzVdipTRk1iLRKu.LDeOARf7rg7XRGuW8UG4GoQIHlZ84W', '01113323344', 'Added Address', 'Added Country', '2025-07-21', 'Coach'),
(41, 'test ', 'test@gmail.com', '$2y$10$NyRIbO5Ju6ErsouIJkPx7O92ZzKOW/r5USqu1bEdxhZkyW0IqJeV6', '01112288344', 'test Address', 'test Country', '2025-07-19', 'Coach'),
(42, 'Nagy', 'nagy@gmail.com', '$2y$10$nWCCToIImj9YPdJB9cZ5ju6MFntOsOlrJaJPVknn1tPVo2/iwPbMG', '01211961909', 'Nourin ةةةةةة', 'Egypt', '2025-09-16', 'Trainee'),
(43, 'noga', 'noga@gmail.com', '$2y$10$YzIMcar9keSW8ycM2MEmv.MKTjWqqA9omiTXzvjNCqgFyqGN2vuBe', '011121909', '', 'Egypt', '2025-10-02', 'Trainee'),
(44, 'noga', 'nogo@gmail.com', '$2y$10$wFcBkrpgfkB6SYSRicyvGe3j7ijjOmb1OoIM6wNKhXMh3ySEPfpaG', '01211964896', '', '', '2025-10-10', 'Trainee'),
(45, 'sdvasd', 'sdfsdcsdc@gmail.com', '$2y$10$8zRR5snSz7kaLMfPrdy3R.Ue7.IzkodajHeACPhp9OC73nW6e37RK', '1111111111', '', '', '2026-01-11', 'Coach'),
(46, 'Nagy', 'admin@gmail.com', '$2y$10$eHioRjUKWlm1WbsXbvDCDuDFkdj2S0oAJDKhANdmOgFOjTyFg5LY6', '01111111', '', '', '2026-01-11', 'Coach'),
(47, 'bfldg', 'an@gmail.com', '$2y$10$GJPzl/Jode2cxnIa/h679eFPH0PuvuJpssETUS/BVLSxIAkkOQxWa', '01211961900', '', 'Egypt', '2026-01-11', 'Coach'),
(48, '11111', 'a@gmail.com', '$2y$10$weh1I.98NeCtoVZ9GGs/Oe2OdQDtOvLvKU0S7l3Pej7sBoWkKjmC.', '01111111111', '', '', '2026-01-11', 'Trainee'),
(49, 'Mohamed Nagy', 'nagynady1976@gmail.com', '$2y$10$VYwZJ/6mjmQqsi3uA20E5.P1LJU9CIsCF1Y3IlVFe7SNJAvaodXqK', '01211961903', '16 QALAA', 'Egypt', '2026-01-11', 'Coach'),
(50, 'noga', 'noga123@gmail.com', '$2y$10$U6N92dvN.1lC0YN8Hs/FrOYmxMIxbVzsSRsyscU5hFpEjiI/D9hdS', '01211961109', 'dddd', 'Egypt', '2026-01-23', 'Trainee'),
(51, 'sss', 'sss@gmail.com', '$2y$10$/mApxSQivccs/GniImcuv.b8kBeWWKhZksB.7CkihSf0F6Qzgdxne', '01227179692', '', '', '2026-02-04', 'Trainee'),
(52, 'Nagy', 'nagy11@gmail.com', '$2y$10$jBUYruG7h4pTcJwoeu8sIOdWyJzCmKVpTP0k0Ovpu3Wdwk2udaoSa', '01211961911', '', '', '2026-03-04', 'Trainee'),
(53, 'Sobih', 'sobih@gmail.com', '$2y$10$I6j0lukq07sHR5mlpIhKguIkQn85D.MzWhHwl.Ljb.rLTV3DrRusa', '01225831022', '123-Street-City-Country', 'Egypt', '2026-03-06', 'Trainee'),
(54, 'Sobih', 'sobih22@gmail.com', '$2y$10$3m8vWk3cQg7gPkdG5osaku2ltYFmcWWWTUje4YlZv/Tt30Ty5XEUy', '01225831028', '١٦ سكة درب القزازين باب الوزير في الدرب الاحمر بالقلعه في القاهرة', 'Egypt', '2026-03-13', 'Trainee'),
(56, 'Sobih Sobih', 'user5@gmail.com', '$2y$10$OODHmF/8zajWoiXOTjxTR.pVOXuyiTNrUk1wSiyJnuWz1ZcKeVjKS', '01225831024', '١٦ سكة درب القزازين باب الوزير في الدرب الاحمر بالقلعه في القاهرة', 'Egypt', '2026-03-14', 'Trainee');

--
-- Indexes for dumped tables
--

--
-- Indexes for table `admins`
--
ALTER TABLE `admins`
  ADD PRIMARY KEY (`admin_id`),
  ADD UNIQUE KEY `email` (`email`),
  ADD UNIQUE KEY `phone` (`phone`);

--
-- Indexes for table `blogs`
--
ALTER TABLE `blogs`
  ADD PRIMARY KEY (`blog_id`),
  ADD KEY `fk_blog_admin` (`admin_id`),
  ADD KEY `fk_blogs_category` (`category_id`);

--
-- Indexes for table `blogs_category`
--
ALTER TABLE `blogs_category`
  ADD PRIMARY KEY (`category_id`);

--
-- Indexes for table `categorys`
--
ALTER TABLE `categorys`
  ADD PRIMARY KEY (`category_id`),
  ADD UNIQUE KEY `name` (`name`);

--
-- Indexes for table `chapters`
--
ALTER TABLE `chapters`
  ADD PRIMARY KEY (`chapter_id`),
  ADD KEY `module_id` (`module_id`);

--
-- Indexes for table `courses`
--
ALTER TABLE `courses`
  ADD PRIMARY KEY (`course_id`);

--
-- Indexes for table `course_applications`
--
ALTER TABLE `course_applications`
  ADD PRIMARY KEY (`request_id`),
  ADD KEY `course_id` (`course_id`),
  ADD KEY `user_id` (`user_id`);

--
-- Indexes for table `modules`
--
ALTER TABLE `modules`
  ADD PRIMARY KEY (`module_id`),
  ADD KEY `course_id` (`course_id`);

--
-- Indexes for table `notifications`
--
ALTER TABLE `notifications`
  ADD PRIMARY KEY (`notification_id`);

--
-- Indexes for table `notification_recipients`
--
ALTER TABLE `notification_recipients`
  ADD PRIMARY KEY (`id`),
  ADD KEY `fk_notification_id` (`notification_id`),
  ADD KEY `fk_user_id` (`user_id`),
  ADD KEY `fk_admin_id` (`admin_id`);

--
-- Indexes for table `orders`
--
ALTER TABLE `orders`
  ADD PRIMARY KEY (`order_id`),
  ADD KEY `product_id` (`product_id`),
  ADD KEY `user_id` (`user_id`);

--
-- Indexes for table `password_resets`
--
ALTER TABLE `password_resets`
  ADD PRIMARY KEY (`id`);

--
-- Indexes for table `products`
--
ALTER TABLE `products`
  ADD PRIMARY KEY (`product_id`),
  ADD KEY `category_fk` (`category_id`);

--
-- Indexes for table `product_sub_images`
--
ALTER TABLE `product_sub_images`
  ADD PRIMARY KEY (`sub_image_id`),
  ADD KEY `product_id` (`product_id`);

--
-- Indexes for table `promo_codes`
--
ALTER TABLE `promo_codes`
  ADD PRIMARY KEY (`promoCode_id`),
  ADD UNIQUE KEY `promo_code` (`promo_code`);

--
-- Indexes for table `services`
--
ALTER TABLE `services`
  ADD PRIMARY KEY (`service_id`),
  ADD KEY `fk_services_admin` (`admin_id`);

--
-- Indexes for table `training_requests`
--
ALTER TABLE `training_requests`
  ADD PRIMARY KEY (`request_id`),
  ADD KEY `fk_user_id_4` (`user_id`);

--
-- Indexes for table `users`
--
ALTER TABLE `users`
  ADD PRIMARY KEY (`user_id`),
  ADD UNIQUE KEY `email` (`email`),
  ADD UNIQUE KEY `phone` (`phone`);

--
-- AUTO_INCREMENT for dumped tables
--

--
-- AUTO_INCREMENT for table `admins`
--
ALTER TABLE `admins`
  MODIFY `admin_id` int NOT NULL AUTO_INCREMENT, AUTO_INCREMENT=13;

--
-- AUTO_INCREMENT for table `blogs`
--
ALTER TABLE `blogs`
  MODIFY `blog_id` int NOT NULL AUTO_INCREMENT, AUTO_INCREMENT=35;

--
-- AUTO_INCREMENT for table `blogs_category`
--
ALTER TABLE `blogs_category`
  MODIFY `category_id` int NOT NULL AUTO_INCREMENT, AUTO_INCREMENT=29;

--
-- AUTO_INCREMENT for table `categorys`
--
ALTER TABLE `categorys`
  MODIFY `category_id` int NOT NULL AUTO_INCREMENT, AUTO_INCREMENT=10;

--
-- AUTO_INCREMENT for table `chapters`
--
ALTER TABLE `chapters`
  MODIFY `chapter_id` int NOT NULL AUTO_INCREMENT, AUTO_INCREMENT=12;

--
-- AUTO_INCREMENT for table `courses`
--
ALTER TABLE `courses`
  MODIFY `course_id` int NOT NULL AUTO_INCREMENT, AUTO_INCREMENT=36;

--
-- AUTO_INCREMENT for table `course_applications`
--
ALTER TABLE `course_applications`
  MODIFY `request_id` int NOT NULL AUTO_INCREMENT, AUTO_INCREMENT=54;

--
-- AUTO_INCREMENT for table `modules`
--
ALTER TABLE `modules`
  MODIFY `module_id` int NOT NULL AUTO_INCREMENT, AUTO_INCREMENT=25;

--
-- AUTO_INCREMENT for table `notifications`
--
ALTER TABLE `notifications`
  MODIFY `notification_id` int NOT NULL AUTO_INCREMENT, AUTO_INCREMENT=390;

--
-- AUTO_INCREMENT for table `notification_recipients`
--
ALTER TABLE `notification_recipients`
  MODIFY `id` int NOT NULL AUTO_INCREMENT, AUTO_INCREMENT=663;

--
-- AUTO_INCREMENT for table `orders`
--
ALTER TABLE `orders`
  MODIFY `order_id` int NOT NULL AUTO_INCREMENT, AUTO_INCREMENT=16;

--
-- AUTO_INCREMENT for table `password_resets`
--
ALTER TABLE `password_resets`
  MODIFY `id` int NOT NULL AUTO_INCREMENT, AUTO_INCREMENT=12;

--
-- AUTO_INCREMENT for table `products`
--
ALTER TABLE `products`
  MODIFY `product_id` int NOT NULL AUTO_INCREMENT, AUTO_INCREMENT=28;

--
-- AUTO_INCREMENT for table `product_sub_images`
--
ALTER TABLE `product_sub_images`
  MODIFY `sub_image_id` int NOT NULL AUTO_INCREMENT, AUTO_INCREMENT=148;

--
-- AUTO_INCREMENT for table `promo_codes`
--
ALTER TABLE `promo_codes`
  MODIFY `promoCode_id` int NOT NULL AUTO_INCREMENT, AUTO_INCREMENT=14;

--
-- AUTO_INCREMENT for table `services`
--
ALTER TABLE `services`
  MODIFY `service_id` int NOT NULL AUTO_INCREMENT, AUTO_INCREMENT=12;

--
-- AUTO_INCREMENT for table `training_requests`
--
ALTER TABLE `training_requests`
  MODIFY `request_id` int NOT NULL AUTO_INCREMENT, AUTO_INCREMENT=47;

--
-- AUTO_INCREMENT for table `users`
--
ALTER TABLE `users`
  MODIFY `user_id` int NOT NULL AUTO_INCREMENT, AUTO_INCREMENT=57;

--
-- Constraints for dumped tables
--

--
-- Constraints for table `blogs`
--
ALTER TABLE `blogs`
  ADD CONSTRAINT `fk_blog_admin` FOREIGN KEY (`admin_id`) REFERENCES `admins` (`admin_id`),
  ADD CONSTRAINT `fk_blogs_category` FOREIGN KEY (`category_id`) REFERENCES `blogs_category` (`category_id`) ON DELETE SET NULL ON UPDATE CASCADE;

--
-- Constraints for table `chapters`
--
ALTER TABLE `chapters`
  ADD CONSTRAINT `chapters_ibfk_1` FOREIGN KEY (`module_id`) REFERENCES `modules` (`module_id`) ON DELETE CASCADE;

--
-- Constraints for table `course_applications`
--
ALTER TABLE `course_applications`
  ADD CONSTRAINT `course_applications_ibfk_1` FOREIGN KEY (`course_id`) REFERENCES `courses` (`course_id`),
  ADD CONSTRAINT `course_applications_ibfk_2` FOREIGN KEY (`user_id`) REFERENCES `users` (`user_id`);

--
-- Constraints for table `modules`
--
ALTER TABLE `modules`
  ADD CONSTRAINT `modules_ibfk_1` FOREIGN KEY (`course_id`) REFERENCES `courses` (`course_id`) ON DELETE CASCADE;

--
-- Constraints for table `notification_recipients`
--
ALTER TABLE `notification_recipients`
  ADD CONSTRAINT `fk_admin_id` FOREIGN KEY (`admin_id`) REFERENCES `admins` (`admin_id`),
  ADD CONSTRAINT `fk_notification_id` FOREIGN KEY (`notification_id`) REFERENCES `notifications` (`notification_id`),
  ADD CONSTRAINT `fk_user_id` FOREIGN KEY (`user_id`) REFERENCES `users` (`user_id`);

--
-- Constraints for table `orders`
--
ALTER TABLE `orders`
  ADD CONSTRAINT `orders_ibfk_1` FOREIGN KEY (`product_id`) REFERENCES `products` (`product_id`),
  ADD CONSTRAINT `orders_ibfk_2` FOREIGN KEY (`user_id`) REFERENCES `users` (`user_id`);

--
-- Constraints for table `products`
--
ALTER TABLE `products`
  ADD CONSTRAINT `category_fk` FOREIGN KEY (`category_id`) REFERENCES `categorys` (`category_id`);

--
-- Constraints for table `product_sub_images`
--
ALTER TABLE `product_sub_images`
  ADD CONSTRAINT `product_sub_images_ibfk_1` FOREIGN KEY (`product_id`) REFERENCES `products` (`product_id`) ON DELETE CASCADE;

--
-- Constraints for table `services`
--
ALTER TABLE `services`
  ADD CONSTRAINT `fk_services_admin` FOREIGN KEY (`admin_id`) REFERENCES `admins` (`admin_id`);

--
-- Constraints for table `training_requests`
--
ALTER TABLE `training_requests`
  ADD CONSTRAINT `fk_user_id_4` FOREIGN KEY (`user_id`) REFERENCES `users` (`user_id`);
COMMIT;

/*!40101 SET CHARACTER_SET_CLIENT=@OLD_CHARACTER_SET_CLIENT */;
/*!40101 SET CHARACTER_SET_RESULTS=@OLD_CHARACTER_SET_RESULTS */;
/*!40101 SET COLLATION_CONNECTION=@OLD_COLLATION_CONNECTION */;
